col_1,col_2,col_3,col_4
3,48.86779301095177,9.770517967984077,2.1589171550272854
3,51.904240991959774,-6.193040663252393,0.8135428200543783
3,20.323167522189337,-9.89863578896172,-0.8547261046240423
3,99.66899243250613,-2.8350389014313127,0.1709694785543075
3,9.142835253378095,-2.031556576226972,-0.11171969193047057
3,40.62511837571829,7.314075053015102,-1.8309643596878042
3,51.75168440576693,-8.18157282725246,-0.5474012895283948
3,39.384576706095345,-2.853044831309221,-0.9660453693445528
3,91.69658202811198,-7.488063937232026,-0.3572191842764879
3,76.05662982573305,3.0123936335243773,-1.2922565471241787
3,43.3973865129155,8.813427566873418,-0.7913266490860495
3,86.92531838943256,6.7256853148878335,1.5186714960319048
3,17.73435199412307,-7.895867120273563,-1.3623643186766126
3,16.66373469502873,1.9821737023193897,0.47220086870075606
3,78.10735389318269,-6.9113725691477645,-1.330122140891808
3,9.541484579048198,9.778014050822211,0.9130945940138314
3,92.84444814809012,4.057909597920045,-0.6160833191823458
3,77.89951122024841,-6.992074909423531,0.287974698057001
3,71.51298307173599,8.879112860854416,0.02182757501250826
3,24.865677069249287,7.379790297548215,0.8660407226646724
3,99.31828170724044,6.925258343047908,0.0698936878584466
3,82.4756642730944,1.9803175999033602,-0.21206754262214522
3,12.25148130802486,-9.480203524723025,0.2299886566609593
3,89.87482822627653,-5.823375356333043,0.8699428143146417
3,27.752155115216503,9.867208422477976,1.7676743064528277
3,10.153889221673063,-1.0359319162009193,-0.5129883210995485
3,26.428601976278618,-2.69250951218611,0.3447030696015507
3,27.27005350814091,-5.390380978933904,-0.7168737425579856
3,59.61348190001542,-6.173686209898975,0.9758776714555959
3,64.72779862402444,-3.2916162669587434,-2.3956971852976685
3,95.61964180958522,-5.341178354580118,-0.25540496549851854
3,35.63625791454754,-4.277814553928225,0.31649924610848257
3,45.472545763005186,7.512791151517849,0.024886805872922007
3,92.71537479408498,4.2262366353752014,-0.09410134410976681
3,11.065130646911353,4.389277309788728,-0.6899672313188725
3,89.40166951395976,-9.899435871152804,0.710284004459366
3,31.002221030441184,6.340105999923718,0.4893208252660726
3,44.854935297331444,-2.7808221074874018,0.658829638292353
3,87.70996094029533,3.96721686616133,0.2715720016825094
3,16.841689449866248,-0.8829460862552274,2.0104890188341304
3,63.74875414554343,2.470566828576242,-0.6002271088283825
3,53.682178981328455,-8.186242695480114,-0.8526010518138588
3,34.71358065332538,-1.8559915540838112,0.16299024865776163
3,14.94788788754907,-0.56275499200299,0.9509364068377616
3,39.09234261071558,8.749214109325688,0.029953211414672876
3,32.49879388555638,-4.369072850799187,-0.11024765392573077
3,54.40720912051359,5.693299008254941,0.7955750405376906
3,86.43474124022342,2.8100286898517837,1.0078994276064497
3,82.42080893116876,-0.007333447997559972,-0.2759540361748716
3,52.14838580032433,9.440594037437183,0.49437517295102235
3,94.81772545073132,-3.988952963535586,-1.140020889077439
3,30.671479400040354,3.0603356371416126,0.6771826671292414
3,48.14196316453028,-5.819436174194745,0.554191981577289
3,88.83413387014426,-1.9212287245862534,2.0552358549163063
3,83.65484054422494,8.562539583918085,-0.45982167478172586
3,90.12974857056096,9.385226879220795,1.3058668194046157
3,4.195311063674741,1.9638476498098445,-0.24092032441719052
3,39.319824874932074,-1.670246245324984,0.6206703943804501
3,24.942023068011288,-9.148622886304512,-0.29614632592876755
3,76.49719344443146,-3.4679230414051805,-1.128307337646467
3,61.269578304609404,2.191577727151442,-0.7258812890851192
3,69.0523001223287,-5.929672241836286,-1.1071067035036963
3,66.08470411108121,1.7305384652152629,-0.6087373150309444
3,76.46611837950117,-5.672768796144265,-0.8082445113321391
3,97.16262146782847,-5.983155625067871,-0.6616266069573884
3,64.95895817937776,-7.1013342487087545,-0.41776752285944185
3,69.9976076350874,-3.657601058050977,0.6764190259889972
3,52.243869571192654,1.621681822481369,0.8646477481211288
3,20.63397281604977,9.035385621707569,-0.6555152822436805
3,48.37304351910882,6.892203432034805,0.4531559193520329
3,10.21650911988921,-1.3698149700369555,-0.47983654297371775
3,30.723419992101892,-9.471860682207696,-1.2182194276158698
3,90.64118465170392,-5.031261616692739,2.3502631509400986
3,49.41874537789523,-5.417399522478005,-0.4203670532184287
3,17.131481900331814,3.4611380922679498,1.6539894683250569
3,89.65020664792152,-3.0947783506855586,0.6155713365777529
3,96.85837937990901,0.423545078151939,-1.3170661532241106
3,12.414603700831865,5.747135535718435,0.18354911572974972
3,29.2978771906946,-6.893296103367739,-1.1999329093639677
3,66.42855886669628,-9.580290614262385,-0.6820577006794237
3,20.22294321204216,-1.2317928626926857,0.6518828741258119
3,16.449600534723444,2.4686226992505578,0.3986413605994821
3,52.7683526815147,7.001646611225176,-1.2124759799321347
3,37.972997248113224,4.565220289469247,-1.3004717509447168
3,55.8848560143936,-2.2466804773283044,0.0761964074151016
3,79.60652198314887,-3.234911497392501,0.8870669915908022
3,48.28018019526321,8.493882119257922,1.0470592585164058
3,58.39656923570391,2.9524957603038455,0.24651221606174895
3,73.12190790824114,-2.0476300764952438,-0.771441283193413
3,11.617731009623782,-8.792473335304718,0.7257614895760227
3,81.80915425867734,7.1422716716078405,-1.314258906662784
3,53.967844305364615,3.1167040578849132,-0.4578213757061213
3,14.859150917182824,2.038258537575979,-0.7725442090317367
3,38.11343995724013,3.393878969746911,0.7125286910764113
3,39.92147501333629,-0.022599872336728666,-0.6211159791965606
3,42.67046764613912,-0.5638975970197073,0.23192052739151192
3,18.136122277746043,-1.3273488375082323,0.17524159610113418
3,65.08512811782938,-7.53543174314861,1.1066780851950107
3,15.613884185009828,-3.310791463659328,-0.8668275517047629
3,69.034089563161,-4.51964711310374,-1.1272421897415168
3,98.75426285652831,9.784276860691786,0.8887128604087876
3,68.00088263624309,-1.0405393518052808,0.9712842598971355
3,69.86611402357303,1.7990886107929427,-1.4191650693950089
3,10.868441084610064,-9.372764957983025,0.20200830249618582
3,73.9721099715548,-9.610562020932456,-1.4312285203254118
3,70.04997427500261,-1.0066110283069012,0.7286251340601895
3,86.50242657280013,2.620016570159242,1.4478820610527787
3,8.338956791006922,3.257015716406645,1.9691536528641884
3,79.8625190415326,1.9522392594942435,2.230230865094109
3,60.589105880213076,-4.25650651263235,-0.16426031035142805
3,93.22451383293411,-6.231922090550597,-0.4054986223736878
3,48.864736832559004,1.7712364605154427,-1.3370808980629638
3,41.06009800896919,-5.131052918486185,0.15165619581558193
3,46.82053697960739,4.647091118548403,0.33527413729540173
3,83.92151077216562,5.96604069506647,-1.7610496930670503
3,39.829732968976366,5.669031865723387,-0.01713303882325352
3,1.7637788194514628,0.14201637391916933,1.0913449254100418
3,11.964472738113228,-3.2974855262066853,0.7809284930183911
3,59.463131410242305,1.7496318160325437,-1.2950938764451323
3,95.90259085520593,0.7357732136060608,-1.5072150491124403
3,32.18230832739461,-6.46612321614167,0.33159946812187796
3,54.255393614040216,9.437133514219308,0.5705152057932853
3,36.329285702201574,-3.067296942455238,0.5894806714985809
3,81.79612027588655,4.163629477086372,-1.616012690390936
3,90.96526040133098,-1.2783095704292258,1.311976917447851
3,94.99033471356827,3.128815333961759,-1.0147996515171929
3,65.32340685917025,0.14623543598385247,-0.11418911287756126
3,1.152162453009711,-2.498649006200207,-1.356146461685439
3,84.41297802148311,4.5607939206071535,-0.3952382906222537
3,89.66915944673748,9.505621670426702,0.803335276194342
3,92.29912802146218,-8.99274231295335,0.809025868034708
3,3.5046377489123333,9.795902219177627,-1.7933881989691935
3,73.78558056836187,-9.854314040131147,-1.1017533599365277
3,90.48647283304018,-8.268924588210753,0.6881199153913563
3,83.1134901542826,-6.372954962900462,-0.29298690809657085
3,2.1415710883018733,9.886229039671331,-0.09609529256447591
3,80.48199571156447,-8.6487685178014,2.06128680694436
3,64.84654822554663,-7.979342620997667,1.0694954101312106
3,67.88036289961173,6.880885996552124,0.7283849864101775
3,24.927081708285886,4.206124799304064,0.7543152501813964
3,2.6433917236298434,-7.569668773088846,1.353337750669693
3,78.54272869857522,-3.226151312538441,0.6257982583474132
3,19.44319867741154,-0.47285783313899543,-0.8938921084858312
3,41.22485487691045,-0.243289373363897,-0.7954462973112366
3,40.82252220351955,-8.206779764971586,-0.5273511230476148
3,88.94618926495903,0.3483299772218462,0.6470465615218466
3,71.67853936645888,-5.385282556737511,-0.7768512711014685
3,11.928712841110917,-8.828289107331624,0.1955148052107067
3,11.967653284616315,1.4191048182925599,-0.15598218106542108
3,32.07026740781903,-8.611940244620824,-0.6266285017242332
3,79.1304651931577,6.420042890507723,-0.9603551692007565
3,49.644977875152165,1.7876884546475953,0.9665764104036255
3,30.487088760850817,-9.723505458160668,1.7931430783731597
3,58.66645662710827,-3.710391339288903,0.8867047703260901
3,40.07345308695545,-3.7911924339569625,-0.5507850639753343
3,67.93085404993153,-5.689590191216771,1.5540784434351014
3,37.510421148367165,9.491509855655242,1.5773156004678104
3,84.20611229770117,8.664077116833376,-1.964257789597481
3,30.081353779739672,6.816412048353342,-0.3727639554195022
3,33.395863314811315,1.0464638537247257,1.396133298096142
3,53.86866914432334,9.770444815679248,-1.2659924433088876
3,42.463777113435654,6.494073722480415,2.1216079156085264
3,27.321768643713988,3.936547828926386,-1.0308138581601767
3,15.86556678267188,-3.381330682139647,-1.7051028429128936
3,59.30648211735551,-5.655882886590655,0.6020195611789851
3,72.44230308288101,9.307902507828594,0.08702269362583787
3,42.51814393171098,-5.456656065321505,-0.2854538223220752
3,75.35378654962655,1.6889222420502001,0.47582377156855016
3,24.908867915349518,6.887274380156043,1.8710185950993552
3,62.42274506731811,3.419522517975942,-0.4399240018158798
3,45.02223400430565,9.329163912147173,-0.6410027164820771
3,67.76882223681457,-1.4669132897491046,-0.6242020491638132
3,21.325875333590602,-1.7938834386493205,-1.497923793085886
3,55.95594167441859,9.691777861640748,0.1435124028835874
3,75.7993772289969,-0.7471849048368533,-1.1135189045710434
3,19.60799073445976,-3.4997892791528784,0.027141826207068013
3,32.64816979545205,-0.6021266267608816,0.9248968758732762
3,73.54907564036367,-5.612022954687572,-0.0023221723440979398
3,65.78278940863488,-9.869189884816532,-0.9967015687490655
3,92.19834917542521,8.614743687796505,1.0211894946371343
3,92.85300532945965,0.3191110657988787,0.22195650037282574
3,49.962824663235324,3.981442841836717,-0.9117366540543955
3,30.515477614949283,-9.455851829843038,-0.5207856820744662
3,68.95791089143476,6.379532341108355,-1.066909523942951
3,11.849508589712187,-0.9530538374348385,0.07408289336095789
3,80.08306965639383,-5.422844322775246,-0.6926780069517887
3,82.46449193643343,7.192324132196617,0.009914206635720638
3,45.558066270302234,-3.3921490866726822,-0.9425096050225439
3,84.10447015187927,5.533496120660843,0.5378285873758486
3,90.82494390995996,-2.79204561867944,1.3122806607367883
3,7.445144012850512,-5.27188469355969,0.9037972051405961
3,15.061266308692025,-3.5710516307841527,-1.3800290145391834
3,82.07982218728365,-1.3971872200143345,-0.4636432919668519
3,64.00676836078893,8.0870418873177,0.34956156865248017
3,29.250500164876296,-4.1111996533254995,0.4665097731662701
3,26.05041593792187,-5.376076445907147,-0.8911964133675752
3,24.21094971950293,-2.1948594964272194,-0.3852041570612687
3,43.54313198450979,-0.2268473426107107,-0.28422103876728033
3,38.368575195430736,-0.7950945304805579,-1.035534514235674
3,22.12664372803449,9.267474611638303,-0.10266990556686013
3,74.61663500137087,-5.145175094545278,-0.17790628180977117
3,63.817881349002334,-9.777375325871851,-1.0861679943022113
3,73.95984124830296,5.032699366853562,2.068912442858761
3,28.19769460845019,2.562051292920005,1.495961723069227
3,56.95620612296273,-7.7219210191242755,-1.7807244883342064
3,81.29680683490858,-1.9862029991433943,-0.4387444782625047
3,35.67483782049729,5.429981327839954,0.78601599975685
3,30.720297816386765,2.904542292001368,0.3486410000027824
3,87.04112347181862,5.456575648367616,0.40854575822697253
3,63.268946065120744,2.7784543566742155,1.2278739664855167
3,76.860213819173,-6.977925505439179,-0.9946461818576288
3,81.14996019084965,-9.899116231372268,-1.3967325585552326
3,45.82894534629869,-6.130510207544642,-0.4419569500310573
3,39.239010978658484,8.037141526645328,0.49376447266716555
3,87.75004724942274,-7.246392691905966,1.931759591490939
3,11.42222404327047,-2.2229021065517856,0.22767492221122204
3,32.2077798591061,-6.9068961424782715,-0.01024317692769638
3,75.36092839979578,-0.10021256999040773,0.08046834773715805
3,85.96869986356033,2.7395850228748344,0.7867807383161074
3,78.84472439983337,2.66938564058637,-0.3069972556892377
3,36.08460363325792,3.9459436167573596,0.33429265523794777
3,20.65293558415764,-4.874610337581808,1.1284290635403122
3,29.44096068246105,-0.008800703135511512,-1.2903236519241328
3,2.9194369251419854,9.04818275499845,-1.2270476098785024
3,99.57452952426426,2.270741593768788,-0.5759099480588754
3,84.72774101367766,-3.9647450130451256,-0.3705235201835768
3,12.691837627497426,-2.129290605697351,-1.2499338483062665
3,90.7967049966829,6.6544201842285275,-2.179419337107153
3,92.63980854996167,-9.098103801254137,0.37376085594896846
3,40.18044892522874,-2.037735896284529,1.0485199739744178
3,55.96064921191266,3.809353387542643,1.1384025829908262
3,21.91327853017337,5.611825251792631,0.33426566215123765
3,96.63987208208194,9.74034260917728,-0.9868838409679539
3,87.05624015225833,1.5940943346341445,-0.1279041233577752
3,5.165932616516772,0.15455115787451135,0.21881764318827007
3,40.258719412793845,-7.067097444107436,0.2182846938132651
3,42.727332364199576,-5.5641328528322065,-0.744672086336177
3,47.749970220862416,-2.490070662573933,-0.633543096687201
3,55.02309114263365,4.033316368087528,-0.39429922328323147
3,71.24354019930306,-5.178733969465055,0.10147178803738152
3,1.7186465087707261,-7.150755862649742,-1.448282947036201
3,22.12774131601163,-4.658018426913242,1.1876162310787086
3,98.11229699727578,0.9667328112750759,-0.6959507236590351
3,3.535095611032125,2.880873298574615,0.6514666003848063
3,85.98070195347894,-7.753737267337781,0.6632754019539056
3,83.69972932348489,6.547684441795521,-1.2133785570291118
3,7.261253497922507,5.284871044804211,-0.711780254989475
3,3.6869879344803738,0.9050626226549703,0.929801743212392
3,39.38945685933923,5.957719155716383,1.5899497163348857
3,78.27792820399563,3.801991709287096,-0.3537719547363293
3,53.834216060721985,4.167649907970324,-0.4958046223508398
3,27.328580515692238,-5.299843825878101,-0.8522529735463219
3,21.631850241268683,-8.84035240906962,0.0394201613459378
3,50.40083796952121,4.455735775821486,0.3509253349678798
3,18.289327809699767,-4.521971451173751,0.620675901409049
3,20.522520402995006,4.552003103670856,0.7098616758596733
3,20.481685082677146,-8.225153459342309,0.9547760050975153
3,13.329430476839274,-7.05123849052854,-0.7647786053264328
3,18.653954128754012,-7.730749493443363,-1.2211718957905664
3,16.4980409835734,3.0407722591581017,-0.20138697518140594
3,95.16260641036612,-5.209639718484187,0.3842219896977752
3,24.637276594729077,-6.54412378383606,-0.2194955129684287
3,70.44019289730119,-4.184250394143012,-0.42873260771660854
3,80.32967107256987,7.786228048098749,0.22947188932108295
3,95.50893561811448,2.873126296174016,-0.1811181090660884
3,67.90321436316641,2.4567544536105963,-0.37332050477321
3,27.957581556910128,8.432089962234631,-0.4445312070871136
3,73.09670788364711,2.423734792797534,-0.911316626296561
3,76.97087370766268,-5.110790150261975,-0.33101078401014433
3,81.30354753522762,-4.887411583477821,-0.7246052468759334
3,14.935291059496986,0.4116999576041742,1.3198060730224916
3,95.25464740934798,8.67863549569745,1.6071524121763765
3,50.23405157061285,2.8428224929342356,1.0763716927565206
3,92.46233571370676,-1.2421690126553013,-0.2569532061527126
3,65.51273226751506,-6.966615161399772,0.8775414916704118
3,86.02196707887786,6.8783419705701085,0.6489548060384032
3,6.589974014308231,-3.3582148031075914,0.9051168261739662
3,76.10987389929691,-5.260789138156015,-0.7685887296945205
3,38.00286579982027,9.438139604582275,1.2033775063450423
3,2.148812604607401,-8.225433697225702,0.660317990975499
3,35.91284432284695,-2.059395165232414,-0.09399721925534912
3,36.192455021621946,-8.877887649666166,0.03383334098410007
3,72.78406285360953,2.868833410686996,-0.1940640514134195
3,98.19533633216382,2.0560616194273287,-2.0042849000200906
3,98.56607044859352,7.020116963669171,1.233087841661109
3,49.84572376748947,1.374269461440612,-0.7965488205761166
3,2.1441083297290637,-4.9524704931393115,0.0795294330229191
3,37.80548334005674,-2.879964156610626,-1.3807577153197068
3,24.55676335102417,-5.903595604214063,0.25585385875913974
3,95.07566638404931,-4.302906922876238,0.43810427739441843
3,47.43371627317075,-7.329629752819651,-0.3749317119511202
3,97.82737820868942,-9.16053603495526,0.8480577844984142
3,73.1113225549262,9.464470152532286,0.37329528255732136
3,45.5928754508494,-0.024254398586187165,0.789774155764652
3,64.11677986695722,-6.955376233157519,-0.29777923376427345
3,76.07198953517323,-5.688080373503944,1.468752562781547
3,91.30163033408698,0.21218481498920205,0.057654909094838995
3,60.151476920085976,-8.304831679262135,1.0310853780612974
3,83.51437291909201,-3.1768161816454548,0.5968388621209942
3,81.36595426639242,7.3343829016705655,0.30329881921482227
3,12.573544438912585,6.639873086830615,2.283013569345262
3,80.63453670609316,-0.1304920060913144,-0.4444226191735755
3,14.546184679322838,6.519151953369565,1.7128832351980103
3,15.626743506503944,8.791628565745707,1.342102515530351
3,29.448961757527215,-9.837054351354533,0.20827008816031758
3,54.301123409040486,-8.127619324089281,-0.14244875661896136
3,49.98717351867495,-3.4879440395354084,0.12054183517484607
3,41.54655685862598,1.0257412135827018,-0.9832600753126473
3,69.29212432725224,-5.303175727866876,-0.3887073592256005
3,93.78631263044645,-4.748618491137182,-0.10812994356554928
3,26.988359226356717,9.978866237382576,-0.7288209232681347
3,4.14687577757272,3.2930604323062607,1.417580641868772
3,25.338887163828428,-7.068294773876329,-0.030677823465048066
3,63.15947693725074,0.67652726755645,-0.04743390545435753
3,37.17164411803848,9.646269509834443,-0.8258474862948576
3,42.2969628967349,5.083163595327031,1.2165336879685662
3,70.18807872992898,-2.224515548372123,0.836408263777904
3,73.14936534958395,-6.487264682768108,1.298611198135265
3,2.612474798493007,-5.604254171362546,0.5323696123507043
3,13.848256245540723,-8.29689353400165,0.20158739708188897
3,70.72985582937243,7.469532389653249,-0.993042840547185
3,75.98271115079959,-9.052935777486216,0.2784651847438321
3,12.970879788753775,6.1970666043246005,-0.00857129853937371
3,22.876649696091018,-0.4989910227645602,0.8936229690234488
3,98.9825872373401,6.565766195273341,0.15498688630588023
3,74.75595740648915,-0.7572741087406207,-0.8243492989455328
3,95.30792466423847,6.561882335511367,0.694697400054173
3,11.10917787493255,9.399511879352652,-0.5674439207341683
3,76.62901306391302,5.92569654949661,0.029870377705127005
3,18.24970316759518,2.5963903868971254,-1.5964342949555086
3,33.641195790893576,4.721838251446581,-2.8310266562622126
3,52.509852572650104,-0.530402241520731,-2.1888654723881467
3,18.48737553038912,-7.3699231660100795,-0.3606154302257862
3,85.47419709929338,1.3608692164554892,-0.32325411133129817
3,11.164165760359117,7.095067452318023,-1.1175279059854528
3,63.11335086513706,-9.266655810033896,-0.7949117935084082
3,5.144359495056282,-6.6286377364806,1.346527872658444
3,22.47041174606757,5.400699151076196,-1.7736854588356696
3,29.811331186414314,-9.553441992063137,-0.18157512609076562
3,63.219914586208496,0.8951303346124835,-1.7330246955141668
3,77.53668313770818,3.117279335155427,-0.12098166053053758
3,8.806837355895604,2.413099828284672,0.24417526744924842
3,27.661218138507742,-2.6563620134239656,0.18247430593062264
3,77.94564371027485,-6.726721735876242,0.5111624718234404
3,65.16990922655901,4.2041157765695125,-0.17262184250787743
3,40.769643711187115,0.3607009490533013,-1.229881228594068
3,86.8678043757515,6.413868345809476,-2.005903177830754
3,16.675969905172426,-6.505183717531409,-0.2288840336858361
3,56.79675025019798,-0.7029734179140448,1.5486986022387093
3,66.04851641998815,-1.1806430902824712,-1.0561905232347781
3,20.979362450369493,7.29309857638296,-1.505553997150883
3,68.04602616808663,6.692065264868091,0.26636964967045235
3,60.39225472484379,-0.15759645308654058,-0.1620701439704692
3,25.206716371478596,4.370194399366628,-3.3180212374099423
3,82.42045341590925,2.616903383951829,-1.151269278940602
3,5.32143734861524,-2.510083703421369,0.4173812224201532
3,60.713047693825054,4.372556934503237,0.8261533423519375
3,84.98983747889405,7.955339237584845,-1.5064209973781029
3,31.73727650980849,-3.996154251618547,-0.26885017073415896
3,29.01500603248432,4.871278370046472,-1.8941204380173926
3,16.533170679853455,-8.558586278084556,-0.10409825811232547
3,32.510490133185684,2.649422318891201,0.8351835579656223
3,86.37229896109393,4.748633221012231,0.35990632354156715
3,45.07847528232743,-6.461737012503066,0.32161811058144546
3,86.16399228803239,-7.290906168076781,1.2145129442739968
3,25.249318771980818,4.489828340949025,-1.481275566932846
3,80.9272732270015,-0.7957596960244206,0.895514303775769
3,93.7906658470895,-5.637437834266286,-2.4985043019565203
3,1.2412222849079044,-9.32526409306333,0.20341455056551008
3,69.28942553442562,-9.57061475377708,-0.058482638725681026
3,30.52340571735782,-4.483229843544796,-0.6636176617799049
3,40.64435245144644,5.312708545199909,0.4975303281357242
3,84.88457117803166,2.4496555478879465,-0.957681878287404
3,58.86529427325964,7.1985759007909955,-0.4059316309031095
3,64.91310316196525,0.26244683820370085,0.09954266637281269
3,60.701407935234464,0.7780643690642286,1.106437823546421
3,74.51459268100109,-9.060145814615284,0.08125880583331967
3,5.551792769949277,-8.908852885771687,-0.17845767383663716
3,21.649006875733534,-9.114666894951451,0.9199629006521804
3,69.68890958738446,9.40461310277017,0.5739303649294084
3,18.733525855718227,7.592351138497836,-0.0517660402201368
3,37.9545064388528,2.2570473613261406,-0.2845261786665446
3,24.490688836761247,2.541802046977434,0.7306867061299
3,97.6550197676377,-9.952921546566545,-0.07034042568777513
3,14.126229837009593,-0.775092723050717,1.2752661327318031
3,50.86321707714728,3.4705489437941353,-0.9435954573227383
3,73.6205796161714,-2.3277203811075164,-0.04159552604068191
3,45.91525219794053,7.860648941338702,-0.6543035288136203
3,11.109678636126018,9.593373627369637,-1.3873082980628628
3,20.76258445431464,-5.681252543512412,-0.0833905216548262
3,99.75712206475461,-9.587704936570287,-0.6580949181058905
3,44.81747761219309,-2.071406974017389,0.39787894329739565
3,17.21533346297161,8.982313905228278,-1.1436701818072252
3,1.541187422489735,-3.4831225441768137,-0.7513129737488606
3,66.64396914560076,5.910012166051008,0.059873822796277294
3,91.87411920414279,-9.749197616778835,-0.21548504649948444
3,17.100981790607587,4.8690117718950745,0.5457588753121627
3,6.709713073957426,0.6569259622518597,1.5510182738084244
3,88.31233911524423,-4.667149351657809,1.3982426745840726
3,80.47962321707183,-1.0370668325426546,0.3091380152597531
3,31.3704779195461,-5.338190831260197,-0.3565653730494129
3,48.225500062115394,7.697545695802081,0.43690189810567426
3,44.772051743007644,8.47540791213805,-0.196158085639778
3,87.32897418271524,4.156536564257047,-0.7646748192839995
3,2.6093048473264053,6.270404257744705,0.031468393728641936
3,23.867681576433828,-1.2626006983414158,0.9194524844441123
3,47.907792516533156,4.846047597826475,0.4372697761969276
3,63.72326879263255,1.323246723166335,0.9341237122169104
3,90.81641299451678,3.525819727968978,-0.2385299425452544
3,60.104166693683744,-8.115469154228446,1.3568233949264386
3,37.90614396162856,0.177952849504333,0.6635430863516171
3,67.86200573316655,-3.888341072284332,0.6560759968538665
3,85.86610342219144,7.246630611363166,0.9822658964713179
3,41.68985178860957,9.255738387231538,-1.3319936996887292
3,94.50159010980308,-4.567320006244282,-0.2762048649864155
3,70.08000622810931,-6.430066739680395,-0.704701687189059
3,49.540123240345984,7.334239599176932,0.5267831639965993
3,85.19290936392875,4.0758513830084695,-0.29927953757333037
3,35.50618900362461,-3.1815692219539553,-0.5642748356757554
3,79.19608816503063,2.2585031224591674,-1.1761375785772057
3,81.69421638258366,-1.6632238735693932,0.5927041136857857
3,41.63021214323931,-0.6633830727381262,-0.3891602739149032
3,42.420112059112874,-2.2835850639631,-0.9802327115464519
3,8.838144686702737,9.159444998642044,0.14436554562547282
3,98.57359814694587,8.474182358596295,0.32159531765497973
3,15.77487045129243,8.25513879970173,0.6305736755964687
3,14.19043424616844,3.0067661941780806,-0.09344304064145442
3,87.94265813021069,-9.314770140815675,0.021657922015635777
3,7.750511138221631,-1.5219029298723328,0.9788913264842629
3,11.19379399041123,-9.620614054353565,0.24210391188947822
3,30.326900933599433,-5.217924683560431,0.49799170770604395
3,99.34782309942437,6.1552379658939635,-0.4165043227250461
3,82.27219179727834,1.0999302012050745,-1.0628556380823493
3,22.31852535417086,2.9710264266219806,-0.3018513781795135
3,40.56748118813128,-4.117143298497297,-1.3825064163133052
3,33.29274400904114,-6.387814945686944,-1.7134651882479401
3,2.683176843348879,-6.541506954350309,0.2929876538100151
3,40.200813774537544,-6.32476812771184,-0.17373037754953474
3,40.32584006185786,-7.318178183135863,-0.1225216732734741
3,40.667680688901655,9.601999291221055,0.14203477731725217
3,43.509994352456395,-0.20359239533997275,2.8078994445930126
3,19.191600260142447,-1.5381467905887085,-0.9448050382503723
3,22.91810390910983,-6.687169138140492,-1.1349050733873887
3,88.83992180095096,-0.8548328239024663,-0.92557135351604
3,80.01751262056243,-1.9200212198099482,-0.8073318129383398
3,91.69579411475371,0.5768874760710254,-1.8544030101597775
3,4.701412885987674,-8.783307167272117,-1.1257532350332475
3,27.763601893956356,-8.954678870344672,-1.0179940507860994
3,30.613933364426007,-1.5968485877521132,-1.5308216361911344
3,75.56739333078168,9.213364149055927,-2.09127811595026
3,95.6745380517927,7.184552365434527,-2.122284465218293
3,66.40780220496336,-4.289595441326643,0.5211632322889321
3,40.47468805732182,1.6309492195408133,1.2914076098814915
3,55.59394593970299,3.019201267991807,-2.5665746608106907
3,65.93708539635263,-0.5351690977367554,1.1172749337648966
3,9.663333487695883,0.21445046510505428,-0.32660990913257815
3,18.451802510437712,3.988738502382226,0.08803834038499425
3,91.20457773675858,7.484997358334049,0.990154637187357
3,2.184181834941314,0.430020919624825,0.0008705427707040581
3,57.116359472402834,7.095991981032796,-0.08130228398684765
3,2.0554218813948686,-3.540252669658674,-0.4475140021868726
3,58.44249129888657,1.0008613395615402,-0.7489999926180839
3,99.1831007964974,-8.828232856043194,-1.004576227801862
3,11.917575801013166,2.1503875488953543,1.3206756761825087
3,45.71395645766517,-4.051835526314549,-1.0484848101796809
3,70.09464488834647,9.6826091605041,0.4240351251015465
3,69.8576175659847,2.889127064255687,0.09970879138720308
3,79.45073008284585,0.6384704758632154,-1.3066164618565526
3,56.003324254273906,7.898158499732336,0.06070227992873614
3,51.14186699898189,-9.386110924223415,-0.5301002257351809
3,67.38855486499462,8.831474911311176,-1.0376557007670995
3,80.03969633346553,-7.197471653252123,-0.7450851130932025
3,33.80642589910525,-1.2733933603716867,-0.9321882838180575
3,27.09672383335218,-3.931054306990025,1.1477611786399438
3,69.36873184457284,9.667884284797122,-1.1880572399428766
3,8.951947540790776,-9.231122063965582,-0.3829531926477617
3,1.8270741731457896,-5.3154430125013725,-0.4487304545583214
3,15.018496908925544,-5.409974898553611,-0.05547443704286134
3,56.15089589838507,5.9302706175569835,-0.5891717028238966
3,46.56365654777032,8.757860201332264,1.0525403963515916
3,61.48440333067145,-1.2605349768451841,-0.7380093342833238
3,11.551622674316322,7.439783181155043,0.7508378993011313
3,88.68213267864293,-0.9364438324076367,0.889809621433846
3,43.14745094668766,6.274503523174836,-1.1912015202819928
3,6.310053232492877,-8.127562325860767,-0.34659855250791677
3,80.37294909921471,3.5262101515330464,-0.3310300964858933
3,75.8911743964133,2.2666397631246866,-0.40003517679115
3,46.163963051083165,-9.5641477445903,-0.18358167558859292
3,21.807073039976405,-0.23188089181592275,-0.26993931967528273
3,31.47965892754035,3.799796346253167,0.8170311932697112
3,85.98355359115871,5.287193783281632,0.05580336605438034
3,31.989094087403426,-1.0013877707772938,-0.7401755047289396
3,90.24765057037123,2.854764425671405,2.4187452746180966
3,12.880924319786818,6.853101351452111,-1.307940628689483
3,17.61552339440406,-1.7751859643604035,-1.1109409245681514
3,65.03066090407297,-9.345470979695374,-0.8890431601036503
3,57.31310869974092,9.894526133521882,0.46937057294118345
3,66.73346039243107,5.943701043044369,-0.18019922042021044
3,84.32893321815428,7.176556810634093,2.6505448590509184
3,36.324234420830464,0.9557696819456609,0.40435197774094256
3,36.97557351854841,3.7026252889453026,0.8092690732161684
3,50.75088155756797,1.2083011980537108,0.34147289442451023
3,48.67507039627652,9.048071634707359,-0.5190195073307365
3,83.32223137338502,-7.785944860034856,-1.3046996182463524
3,14.078388212436428,6.857472385856738,-1.156601531723484
3,32.96290714682266,9.354949700705934,1.1096802532370498
3,78.67716577419996,7.464162275549267,0.92620764509678
3,22.5189542324233,-8.992499912401268,-0.42712965771467043
3,53.3269075281008,4.0111891869744465,-0.6883922273874701
3,31.545380918345952,-5.428486539242003,1.4951243429418533
3,12.645855398030317,0.3262872095624658,-0.25733671808616604
3,86.49884648038991,3.8513378743162736,-0.3408372893721869
3,15.636957790864548,-1.5848670808661236,-0.5997235156953844
3,29.022871316560053,4.513505962839435,-0.8693042569093801
3,48.84544958912554,2.0765009100089493,1.8981570277959003
3,17.97199851399708,4.03881434354323,-0.1455921347974076
3,93.3065838862126,-5.665403498731751,0.8415007935105304
3,32.40684110857294,-7.8494245934775675,-0.4022911469367308
3,31.95380319230628,6.243070857017841,0.7032205106122305
3,84.56802317682573,8.34558096111671,-1.9372913795280895
3,35.27142641274415,-4.5090797535563425,0.9213331094127432
3,53.913306249182966,-8.38994022527225,-0.05631247677015533
3,44.07038650663614,8.715511831571483,-0.10888991243843826
3,55.80011992223808,-6.492382584894408,-0.31226516080295613
3,37.83379553215079,-1.2386189828339038,2.290290557033723
3,26.062528930337216,-5.342736794748535,-1.1329592376172744
3,19.519010408038046,0.5350618926098818,-1.4249222037442304
3,42.198305033761436,-9.125386477040392,0.8337285492500525
3,87.58654908889574,-1.1123099658270732,0.048575932767546626
3,98.00277855871983,-1.1766312521052509,0.5369322210244375
3,23.362206519756345,4.9938305625819,0.6457150023463725
3,14.213032569699296,-0.3991886557509172,1.0797559091552635
3,53.6190865070445,2.5647261176030582,1.7290367899949828
3,71.53563796327757,2.5605639976614114,1.228979589398334
3,93.23152047613439,9.700675823937427,0.7272319449426385
3,74.88149293615118,0.6692305732418635,-0.9413984779999932
3,62.0780823438723,-0.7016624736136698,0.2612152657313527
3,6.469796693452764,-0.15454657584832177,0.2122865885030611
3,62.27548830198867,-7.474491309711362,-0.8659904355972778
3,57.920847698712535,8.18408719936928,-1.066554770024167
3,28.376141661982523,4.888632010131007,-0.12782170211391689
3,71.48799854563327,0.617608662242759,0.10150566328763545
3,9.089593927561594,9.107223553553347,-0.11125869801413178
3,11.046968551712203,9.45448522868302,-0.510357988737039
3,84.34924881420243,-8.217694625051365,0.011342459516928992
3,44.65743740016806,-0.7202075580026897,-0.1146892079615799
3,14.300796334728437,6.812916805969337,-0.42988410628847
3,64.73906483063315,-5.592085198156744,-1.1325684953226762
3,5.703897425583664,3.380597091041981,-0.15780508633329143
3,80.72568193645111,-2.791318832601286,-1.2613752955055384
3,93.5630751204042,4.097006794963656,0.2748059312641475
3,53.733845168929896,-4.3959467523431535,-0.4824173208107668
3,21.473344701300736,9.71107018129079,-1.415474734470922
3,36.29794463377386,-9.08746211151902,-1.0647901759387512
3,88.02754670822931,8.771186999229503,-2.265416400625454
3,21.10816900380667,4.321823330395084,1.4525317262510669
3,77.4076235053111,6.621613762338534,1.1929598657623468
3,44.60989100468251,4.68691518021947,0.9814525102085669
3,87.69619890661568,-4.195867637443326,1.1595214479423972
3,38.67096665112404,0.10125213882264816,1.2391608093397906
3,40.92335070259803,7.844639503343824,0.47845776444396076
3,71.33007350189106,-0.5588702899136528,-0.5718928991236295
3,32.81490454400482,-2.40301892743161,-0.59363138486761
3,16.48252187317071,-6.224169992847699,-0.8758517975302507
3,13.670016303165756,1.1840094736261335,-0.38684901048092935
3,12.568172614710273,-8.709089130672345,0.7089135760409778
3,46.507827203838765,-8.805394816560323,0.4275644262540898
3,26.054168441562002,-6.914951122354365,-0.6997328126271233
3,30.750461503139256,-3.6971657399530677,0.15811481047322773
3,42.43397039721786,5.139097556938543,-0.5840155123418547
3,94.06853565210538,-7.1054037234229135,0.40136627692972676
3,62.10534808718779,0.35798146794908803,-0.9540918727317851
3,76.74516044605954,-5.984314787301126,0.38082119811558685
3,61.1241549030536,1.055365990748978,-1.1660901225370022
3,87.9050779100561,4.712998776672041,0.07998741073887142
3,54.81991533244323,-6.875506482088445,-0.421985565606066
3,37.31758616418528,-0.28781704894859494,-0.5066575539034927
3,50.794875324034976,-9.571187482182415,0.8988993209776287
3,96.57719691241196,2.9156714668292842,-0.4640828573792314
3,93.03677426788782,-2.5493570949906985,-1.2965474666797625
3,5.5796510258610255,3.710753594736346,-0.7495809246879294
3,70.8187562487161,-8.86062179568497,0.2967652413921674
3,19.58918432554938,-1.4775585494141659,1.5353094304272876
3,65.43254332276702,2.2524871637708426,0.20335864532725922
3,53.839951668676406,-7.655558468429689,-0.03235520244091947
3,3.159018316917857,-6.858920637784511,-0.742633347644143
3,69.16243539705668,6.072348559454266,0.2589654446351356
3,31.768872923062847,0.379780188149061,0.8995663929089744
3,35.89727800328188,-8.196638958610576,-0.6796575391910114
3,84.44121442950019,4.452043074217089,-0.034383535340798854
3,40.53946327603052,6.8433940227359535,-0.7591104571221484
3,36.79086297549783,5.715343612885604,-1.1333164754996248
3,78.03889389274092,-9.156913468195452,-0.21092980495390234
3,88.3277186995298,-7.902290323352343,-1.4972320900815939
3,46.970194235200196,-5.342188872212834,2.2277481715857586
3,54.84319925612496,-9.98526352430725,0.39830134063732814
3,84.24706969220286,-9.614459544106852,1.5798230893594711
3,12.908614936920745,5.966221592203825,0.8040117773445705
3,24.11766051516498,4.0352504095445525,-1.1627771574853163
3,4.703509128351254,-1.236903841124935,-0.5920117759679021
3,29.48908488720567,-9.134936517696337,0.41496940431860135
3,24.266440796415083,8.01183604482502,1.3494057579866283
3,44.512721330514864,-0.22972302168685133,-1.8162672577589665
3,11.947890071523371,2.296633003243226,-1.7069223643229714
3,83.55042439055545,-9.474545000255386,0.31286673662361536
3,33.538340632053675,-6.241872073121888,2.8900942823602565
3,58.81620240917971,-4.376006450858842,-0.2383288464297818
3,62.274677916147155,-2.8540036346387776,-1.1366441821813036
3,4.563916996733804,0.7553545483191364,-1.4571424187867597
3,48.1566818951514,9.830451882847552,-1.885788210219797
3,62.61361314807458,1.852698816190932,-0.13578390467013587
3,90.68847157145892,-7.213954204309978,-0.9862931919725652
3,79.12072846148016,-2.9188281125035527,-0.8955997054407401
3,22.241483619231573,3.717993687802391,-0.9897313444975226
3,9.018098724431697,3.21540474327411,0.30341154437865087
3,97.3242003088248,8.475566792138377,-0.5204811352015832
3,99.05912220435489,3.731642779130704,-1.1425819590284634
3,68.6831471508209,4.669563927136933,-0.25941851128038823
3,50.79940980525159,-6.42794666774453,-0.09005197580659227
3,47.27975959038509,5.339620061436532,0.7690033618904739
3,71.84320410531876,-8.619867894205388,-0.7807983641288988
3,68.76550607079929,3.877333029307257,0.1360804896538178
3,12.880451608242149,-1.0606311385229894,2.048159443186409
3,27.217912674144056,5.429230132818226,0.9230990709777964
3,22.712684923178518,-9.114430533969461,1.0176872342970242
3,73.32121342609344,-8.240920284693987,-0.4517556300927139
3,83.43431352099465,-3.557471974164832,0.758024386711331
3,28.050924045688255,5.884813873725873,1.0018578019742244
3,52.091352150667284,3.842607091080975,0.14332072566853366
3,14.908750793387762,-9.48893926683574,-0.8528066657584257
3,55.15040272473616,8.272745376920586,-0.9886698610969196
3,76.39920068849801,6.326551900553206,1.8614402402230765
3,52.993859784742234,-4.689951947769398,0.35913034253106585
3,82.16588502822425,-0.16819670421974564,-0.3257469271202108
3,30.121846177934014,3.4597400217076775,0.45206034573735987
3,93.56828457511189,-0.6044949773028456,-0.013744592595116822
3,55.1493843052745,-6.4467051591620095,0.2829756623528437
3,90.28334019677207,-1.7247429519812663,-0.8046290224319299
3,90.78673553126526,2.266295061053915,0.10154143517682028
3,54.91128540623192,0.2668668881029035,1.0701723370635965
3,83.09248727331995,-3.179300619770265,-1.4288382589383248
3,91.17402463917045,-9.110637598133593,0.8985845551943809
3,61.673169228646316,4.975687105816881,-0.003009466036573198
3,51.76079767651286,9.012950674643946,-1.7225738246509006
3,19.49482267102214,-0.8852099563745348,2.4019613133226647
3,88.26476717814498,-5.955216993324754,-0.29688329066084385
3,41.82083053326107,6.013361396772684,-0.046376578104832644
3,74.16720602210859,3.6054854190815693,-2.2826839308168565
3,78.02869529451266,-4.63091333752617,0.5861563466368097
3,54.923738114806696,-7.900885984654808,-1.3517830024135717
3,74.21830906558515,-6.121217310747817,-1.6976225161748089
3,5.560612580074523,-6.503122903868839,-0.3814433918634688
3,4.948478955738334,6.785393968574354,-0.617236263122387
3,59.50403709783262,-0.2649225826810575,0.07752587586802324
3,72.80313367484726,8.46066042185575,0.22485184825687116
3,88.01270170168026,5.5181361518072425,0.8701680581790929
3,97.01287939399485,1.8930671077971954,-0.736708007712781
3,4.369017824742482,8.75866265044322,0.8929559352873268
3,80.53958002974952,3.0062398533948276,-1.8356730833818553
3,1.9834612122948214,2.9506225978604697,-0.19649506618191565
3,69.57399347523486,-0.6897317829738103,-0.7511522512129521
3,35.2598300973431,-9.200742375327922,-0.019537563593121702
3,11.297981408398822,4.208593635796248,0.43749147879044126
3,9.847534887236183,1.5590702946236412,0.7188008419574734
3,57.93701121683469,-0.7173335230226208,0.7623182893528879
3,89.74285709467716,-3.327612384990031,-0.8421414640525551
3,23.408481633949915,9.63787101808212,-1.1394716699314043
3,59.641724053573114,4.326390883989276,0.05564726838054501
3,29.480484156771602,-4.39527641333963,0.07661964290107894
3,33.90470507247731,4.836634843546877,-0.2176157806281273
3,58.68051601626727,-5.98647919194585,-0.07433872592944549
3,92.26273459883257,3.168701512515991,1.260160902442737
3,38.78988077232487,-1.0474899961265578,-0.3458164283083253
3,19.68793831755254,-9.911437015057423,-0.800143637352645
3,88.62228035447421,2.1159857288443575,1.8643070717522485
3,72.16680807606136,-4.497589319578948,0.7327442963318607
3,42.45847260802662,-7.632651373369912,0.288558583901562
3,54.56132697101921,-7.820858042054106,-1.430815106362743
3,63.5666928494926,-4.127591564554658,-0.4668101893886599
3,52.039390225700274,5.06051423251936,-0.1742749154533438
3,62.32047715784266,6.395720978517197,-0.03488582392569011
3,45.49928552527235,-8.971593552383293,0.23496567513794542
3,39.877116744608394,-7.672235988081875,0.3260522859038744
3,3.738362310998699,-3.562574989909944,2.214385570018192
3,5.618967201570666,-3.709983905689265,-0.979255269123264
3,57.248511300930474,-2.637762593018895,-2.032673060377708
3,93.10965362305902,6.718587553453656,0.1324744343685208
3,97.13841078482419,-1.0944928686809519,0.6247579863572762
3,83.92725601740955,9.384156739678339,0.2929411736392997
3,43.531639030708554,-9.02660614661495,1.0055997993121801
3,47.48253383743435,-0.9977898813255592,-0.9885844990330109
3,27.74168446807472,7.56310259502888,1.1173146136088625
3,46.27444326042881,2.8471306857887413,0.8105914906823429
3,61.788632300778566,6.340195860252937,1.9279855502906924
3,68.99732730649342,-4.02123643768225,1.2798754486938715
3,71.71739936486075,1.7515180194453102,-0.35757910067243204
3,60.31437570691282,6.042698242466042,-0.060886748249077416
3,59.49551438419328,-0.6283388389097073,0.7360970911636833
3,28.33264191196352,-2.1043301269971533,-0.9136049252237097
3,19.103627440910643,-8.501698612907107,1.1858309368512034
3,47.01778366500179,4.855894818468363,-0.7663742872353172
3,74.26441181350206,6.057733679573232,-1.9959392688276383
3,16.422807002505067,3.661449636652865,-0.19797208469102862
3,20.845513638775092,2.053166113086192,-0.09284834636072982
3,78.2017623918965,7.375222934235982,-0.18187711288805442
3,53.22161417218214,-4.061342393836005,2.4258829648074296
3,75.17310897297882,-7.058871818528187,0.5957284589765828
3,41.015851622850704,-0.1526026442730899,1.53684070709871
3,63.35381660753315,6.051666023211645,2.0859024776833563
3,71.48092199031218,1.0970733241447306,-0.9050441163016758
3,2.26596719497632,-1.457289194214379,1.447710174093596
3,32.8440634382084,3.4555559197118804,-0.4803129375092043
3,90.80441682054168,9.553942216757608,1.2489912563775338
3,77.33829812444466,5.478431751497954,0.6166621725131695
3,43.86546798038679,-6.149289367206241,0.23354089117884125
3,95.78611133536404,1.6861671347971203,0.4996143968771333
3,84.48596931661477,3.1206249130764423,0.23970170520856765
3,57.048037141302785,-0.15270405234614515,0.015149469792474314
3,47.9510498099438,3.606060020149977,-1.1250279804791152
3,28.01366025828205,-0.26325051686179,1.4409282320868129
3,11.413367528918071,3.3918952545463537,2.087524257498935
3,39.266559630851134,-3.587020903208078,-0.6282055209444857
3,75.19865072582789,-1.2649299614055014,0.5683644932395806
3,80.93511136951076,6.494407825049876,-0.6837140176044345
3,32.45311919387724,-9.312237241693499,-1.5784503337750166
3,97.6290176755634,1.6139628293034889,0.8215893781691312
3,54.3508382589122,3.099853535170043,-0.12859408071127654
3,58.3956230609834,-7.415623500565001,-0.3915117626839928
3,99.92618282670604,-7.255975889166497,-2.472466165147704
3,99.28077919125835,-9.882408392763978,-0.5119571539928076
3,87.00065548561005,2.3246974198211863,-1.9094700911113656
3,69.08709154600402,-2.6610751489284574,-0.7166636356836509
3,73.72768385977979,-4.325652042411634,-0.9271924640240431
3,4.2623913477181326,2.2522236873194608,1.3700572517413603
3,82.33317460027328,9.428083888378893,-0.27486798527717876
3,74.24684555965536,-4.3398844627690085,1.7608601524728047
3,18.893186038099774,9.213607251682376,0.1785263571311015
3,95.91263044087488,-7.487655949728273,-1.477738439439488
3,98.31318525480208,7.273497746176911,-0.404565151082196
3,75.72067913348847,-1.5262021263186583,-0.20740427783951976
3,17.99951579528282,-9.779481955434202,0.5210186543776962
3,5.681234814877856,0.7788319626646256,-1.3623504116809237
3,5.489928169627579,-7.229998249540799,0.9484621401668727
3,84.94782741891252,5.719990178809958,0.5163546899509253
3,65.9196055157425,8.047136265230268,-0.11948857210458132
3,86.84385895262582,-6.885938378114174,-0.8532184028021694
3,42.54979658328968,-6.917669967823585,-1.3135857324727196
3,77.70820260116643,4.119513875221223,0.528665922990382
3,19.002184296352887,4.79387227967379,0.9974856201061879
3,14.232458099734187,-2.415459610008048,-0.34489020756862815
3,42.307212394669165,9.957091670016066,0.5318864110413047
3,16.423121005803942,4.883805285280673,-1.198543083126334
3,6.429525417220673,-7.38709078052346,0.9546707412602193
3,97.86551768680847,-6.113706096682591,-0.5573941610715047
3,82.83600486795368,8.144700123401172,-1.1654502957365196
3,3.769440791296148,8.397684109018883,1.0298011088697197
3,48.58884090328889,-7.2496949815314204,0.7979773400035712
3,75.59397688144138,7.241606839269913,-0.9167845504067802
3,89.51686091187763,-0.9650445004766794,-0.20854047711511736
3,52.889891431911366,4.292675101799045,0.24344673570721184
3,94.99826840540042,-0.5004649890930839,0.9159870437712027
3,86.18828057531034,-8.320757137457516,-0.4294419418494829
3,22.58144348307481,9.198769659048477,0.21462316666055892
3,62.7116104329197,-7.794292233856515,0.026775982332190244
3,37.254939467043585,3.904753536669631,0.9113702138958076
3,12.807407925371132,0.848566477941084,-0.7060010538704247
3,77.24912894595728,1.1127996180186877,1.4891075164982943
3,15.248705188005774,9.693684091582252,1.026382790629238
3,61.43773878151499,-7.262284387586371,0.6507166010143755
3,66.80624518282823,-0.5508936501620774,-1.3416505829778846
3,95.0749897277796,7.26813760799358,0.6295543722456874
3,62.19310239252926,1.5874884140170167,0.15086112966934884
3,76.36336293240214,4.752007879875499,0.11621565760184877
3,95.3156132189429,3.893314215167951,-0.42423243042481446
3,41.1786332872381,9.155378945678436,-2.2761382292323997
3,54.28892309049015,-5.959494909360408,0.8630612319275178
3,62.3048847150629,8.943168690906454,-1.4418935639871078
3,79.04288241951802,2.354912527032374,-2.088866819520779
3,28.774112606997203,1.1618459477139282,-0.31935393265455686
3,22.86912381780301,-5.451662154600523,-1.4145807592371562
3,85.7631723820904,-7.783515295842505,-0.906745933661091
3,20.14938888508565,4.43905996363555,1.3501362453177181
3,84.36213903692466,1.1168008396574525,1.0165124410695356
3,3.5006296031840183,-7.596396816954256,-1.8520990098501908
3,59.76562256993071,-1.7295003280515058,-0.9485068104285482
3,31.40474424882241,4.586491816459791,-0.32725714490353935
3,69.81931935142131,6.83756851409759,-0.16658403030439523
3,38.033768456180105,1.6500587405086335,-0.8553075511043473
3,85.67119364044713,1.5882380087601184,-1.2361407765095906
3,69.08734600442014,6.894029845947916,0.7626564385713285
3,52.42084343896837,-7.443179256701713,-0.2747583802590965
3,48.731105375262274,-9.797614306418128,1.1644350022350085
3,43.550413647671135,-2.577273899051928,-1.8121441542866958
3,35.381597148625026,-6.360980322642888,1.377424735327217
3,20.671961227589343,8.454250092512016,0.642965901913682
3,12.343906066807786,9.779102141103209,0.4983099572336109
3,96.707844891053,-6.914978921657355,1.9193043303438102
3,55.28430611037053,5.075257485924009,0.5173912063632846
3,15.614411607542662,8.159146262026518,-1.2534585664442939
3,63.444527795412625,-5.647375515125224,0.5008295251273115
3,21.006423087276712,3.8787084938302776,-0.3307943599778915
3,80.15765675752161,6.43759157641216,-0.9070660135241746
3,80.97966399908411,8.700426966790246,0.28945920826857713
3,3.960372056112573,0.297208490399699,0.7689901620386497
3,10.772270104835677,-7.519550986654999,-1.1362085797380277
3,54.686869283532964,-0.8525316736951147,-0.13120882962342345
3,13.939493366194394,-4.499349480993812,-2.0449595097005524
3,11.19854903922131,0.1652349288413859,-0.14327600152444803
3,56.34622627318406,-5.105716889180747,0.41758015049198927
3,49.15231207740456,8.563116874014277,-0.19597353903721088
3,35.84889798614719,-3.838806336495921,-0.3004866363988547
3,91.9400730487745,-5.0635450931553745,-0.7629985652129898
3,20.584354008642258,-2.9920995161143127,0.13787127384426898
3,54.84924993288388,-3.80661619757028,-0.45019474810407817
3,23.257918054818404,-4.397785843625764,2.1356051334420334
3,24.008357170728647,-5.57618483781831,0.00972576416060736
3,75.12609214766573,-7.809383247796571,-0.07523178083785592
3,47.85280001214441,2.791892234184875,2.458749212865811
3,55.26040948853571,2.114473256503583,1.6502681902586371
3,65.36066247232542,-8.491789328973008,-1.0107960455070841
3,66.93298637243743,6.648049765980176,0.7492150127054695
3,35.36599604550954,7.005991579134584,-1.3776553886710667
3,73.13069748139255,3.9387551386216675,0.624826647315985
3,26.844633585153726,5.746271152206138,-0.661949613911295
3,63.0905738946967,-5.786768744006611,0.6530177190869109
3,29.023930232488397,-0.8172356885940797,-0.49460104362880414
3,89.8052069156733,-4.964834667100555,1.0649582685854715
3,74.3968025243157,-9.71348126917323,-1.9620279725599565
3,61.9666908472867,-5.4547320808524935,-1.7005722605396496
3,23.603209983336175,9.721438940148769,-0.813093751742157
3,92.80061104945624,9.742334897461934,-1.811880590362433
3,42.71783833860103,-9.313806758293893,-0.5158433290660448
3,27.58580646300515,7.341720084960084,0.7247046185889274
3,12.453749608075507,4.162432914579856,-0.27484869771711284
3,43.72873371416657,-6.800700833154554,0.2538265147568343
3,87.94442677897219,3.745957069354521,-1.4404266943960586
3,70.60692912876398,-1.7631974817078202,-1.1017714657590734
3,4.24471531562893,-9.998682439419417,0.03539521337849468
3,76.751507733798,2.4163881238783773,0.04794220651023241
3,54.292719382617065,-0.051176571293558126,-2.1629170597562024
3,28.08789992301762,4.2924900612787695,-0.31519579532323155
3,70.44905515637562,-1.147822048067642,-0.024472680350454114
3,48.54777962073015,-4.5912877607415,-1.0219203546531883
3,68.77043034656712,-5.904466164214172,-0.498217383215612
3,54.01614467288435,0.9774972982381929,0.03251286890596748
3,18.765036318943302,4.7599352925985965,-0.5387866591054964
3,40.36630686524135,-1.0243296103890245,-1.7292426378871208
3,52.11759786119199,9.200488880796424,1.8337350334117013
3,86.97717075850773,9.330565611188689,-0.5665809315337521
3,77.24145468187332,-9.962262668766721,1.34423987912557
3,41.15796135642955,0.4082703671046346,0.8347410787508958
3,76.99946472166333,4.909632954828256,0.22958326734551043
3,20.3864745366805,-3.085228529571607,0.33095610770938455
3,81.50999434784377,-9.00399360201929,0.4419424400398595
3,85.78638646729945,3.512843740867238,-1.2562894626307688
3,50.85400072097765,-3.49760907035082,-1.084551740863234
3,64.06147368418098,2.4663399792822798,-0.6331072729910269
3,62.99631644074495,-5.317498391247941,-0.7334820174793847
3,20.778329614827612,7.075258700738036,0.6382951305021455
3,43.62853796861406,9.96759794828911,-1.7022335683779115
3,4.402913371180643,-2.162587002237868,-0.6832454603830976
3,79.75230755144548,6.6703433662116325,1.6723489037577872
3,7.651057431496086,-7.6198098475131,-1.360528228013101
3,91.9304614931858,-0.8624370316049337,0.3175045116313789
3,96.61707479457907,2.2211787286199947,-1.7199141555467676
3,18.86186854215541,-1.3266342158259796,-1.4137149049573376
3,33.95119048503128,-0.144474489906667,-1.0725381423102238
3,10.048249984681831,3.748963690634451,-0.23621235939374943
3,81.9554064749691,3.185782450259264,-0.4640860500712636
3,60.31871300175622,5.303958468025813,2.6647899039161085
3,37.9615305722155,-6.8979789042157975,-0.45719483983039144
3,12.477255376335354,-0.8749256269208736,0.3407345464217709
3,48.982814549750366,4.352747778247663,-0.2860527390515877
3,55.38331876528808,-8.756002434028398,0.1451396226959473
3,3.281343729862976,-5.521595786497723,0.4712335900514117
3,86.91702862681402,5.536004014135475,1.3270072892899487
3,79.70208016374737,2.071147186246458,-1.1440237264030353
3,82.82622865123068,6.2060910953184525,1.1059906020269192
3,43.427147132390616,-8.881585393156588,-0.3701956059478134
3,31.03879695574876,0.21242085875708128,-0.9329639171851278
3,33.50774820354384,9.828930766975674,-0.21165729423959798
3,38.77023447897035,4.955226226640521,1.1703939937581762
3,56.07405062116478,1.9343654088494873,0.9015011191641693
3,59.31780201134117,-6.957833332406542,1.2633425799164777
3,67.4348533317796,5.47140860817275,0.7689349686471749
3,42.263307757137355,1.8318292703376482,-0.970900502251217
3,59.637769380745205,-0.3468812594054942,0.6616288022829199
3,32.95676488709978,8.439466557060872,-0.6983854516160862
3,54.480916010786785,1.603454088672109,1.8773166504569774
3,93.73043890384132,0.2745573454499812,-0.48169337039636306
3,53.792322669294265,-6.076535095846958,0.2709260275602592
3,22.202102763785852,-2.6572308081416507,0.7592049563725508
3,74.14896902403794,-5.404993448707831,-0.19597196069453585
3,57.877351181862174,8.900804319911131,-1.333655270127041
3,64.89217077857269,6.965098748259102,0.38837454673040156
3,62.89585334728999,-9.018234177513097,0.1362655893883669
3,92.74295374568896,5.294347149693621,0.5599670217912871
3,25.834525996494797,9.13317897947816,1.532767592907528
3,56.78756820278014,4.600685420004069,0.7830493850856528
3,27.371216616802197,-9.353270840175078,-0.1382504196063557
3,79.37808354013079,1.6006514038239867,-0.022501198185249944
3,15.839759754619454,0.564295248973794,-0.34203242961801505
3,41.6754802985369,-5.597475538624663,-1.8151000267427342
3,26.441881335265585,-6.731141308087734,-0.0034340970557173254
3,40.956427379105214,-7.406729371869325,2.3303936408210792
3,77.60822146574834,-5.631547986349732,-0.33984102645983405
3,56.93487543190198,8.818365373085989,1.3775492925083956
3,15.144887692079285,2.6458158595410826,1.6720943652563414
3,57.41446362620831,-1.046332152606773,1.0247719829109743
3,55.56724382305534,0.5243817038396177,-1.330678184957282
3,50.16755861883435,8.76295185005894,-2.2502923074336367
3,33.91712480595458,-8.836027307545633,1.163624536514691
3,37.73114362689603,6.3399217180967256,-1.3776676528444478
3,23.454766270243553,0.5897480785662452,-0.3242307058606562
3,64.88761925426105,1.453807655894547,-0.8634102511794627
3,56.88450613797993,6.502557991287333,0.4241803707833519
3,68.36129561389916,-6.124586882685308,1.774538620295934
3,24.11171272195928,3.609523014869671,1.3806286802535788
3,11.294787941957226,1.7923179768657178,-1.666777971986708
3,1.77402495130854,-0.2891499008124718,0.14174187240513583
3,93.86322894378182,-9.433350078265644,-1.2437867958030584
3,89.32167641700997,-2.4544119726110374,-0.14611135362738062
3,90.71353480397539,-1.5365636144696975,-0.2883634313050988
3,46.28689638694816,5.71917436779486,-2.228888853906195
3,22.466618996267485,-1.340847423690244,0.9081212023020465
3,94.05043394487689,6.521457195932502,-0.319954934751464
3,99.96710220070663,-8.528914214038215,-0.552880878316409
3,70.41154266236578,0.9617546530827354,-0.49299211804133747
3,23.715912431660783,-4.756745239256606,-2.334106009441795
3,41.670622841313424,8.218980474524432,-0.3563115175124908
3,53.9225662403793,-1.4734008031902732,-0.2518905353507677
3,26.47162193415324,8.423257221817277,1.7598301308606832
3,22.26407189322995,2.327607111777292,0.8258352303529045
3,49.05211626856892,9.757828326774447,-0.694550195560411
3,33.91367651721767,-0.1892675822114125,0.7596933668304772
3,15.183861520013396,-2.190474476874236,-0.11484560177120708
3,28.63887154176113,5.645471978867329,-0.729760284810598
3,10.35442799720851,3.39311983119941,-1.1807832376501448
3,28.089001860822084,9.716147734990955,-0.660373469166583
3,34.245850900140276,7.105904920537029,0.45689826071659767
3,33.76629267553162,5.8194299580923,0.6641491738375132
3,71.69587416115327,-0.8710850148105624,-0.9505351520515273
3,44.51659780540171,-5.174135761838656,-1.0399188657957927
3,68.72974778471666,-0.47467318494432575,-0.6336444304998868
3,49.47129222587994,7.465814564819606,0.1498999898682139
3,70.26740649751416,2.5246207617836696,0.7389141566269909
3,82.27503324571761,-1.9199959250927296,2.0497224758947765
3,23.553434688977607,9.728382917913308,-1.4093314016617455
3,54.12011803676228,-3.3938959637199844,-0.1448985911301731
3,22.457029338665414,9.875281645297601,0.3957368052529234
3,75.3110590781737,9.377897365804209,0.06822431455743048
3,1.9437097659223042,2.3932934127357175,0.2974695990043268
3,73.03929829579435,-1.6297966154500756,-0.08557678242354329
3,59.74171320766459,4.3028807546490775,-1.022174236047407
3,20.695855929017302,6.821199824713336,1.7103966009227238
3,90.19487417965755,-7.59200218381114,0.29254188874975007
3,82.10103043681514,0.8456392987513865,0.06590195208221815
3,20.33567904210857,-5.016098837194079,0.7199454505017977
3,47.12195086631615,-6.168854195065716,2.407465564102053
3,82.12765977163113,-9.279898050606922,-0.6091853571973208
3,94.31926784868638,3.881311889888579,1.4334745629676864
3,26.500260508878593,2.596656670576877,0.11324639640254455
3,32.00590933306718,8.83252065540136,0.11721889794326841
3,6.428967624170434,-7.260169313674549,1.6616117206536634
3,34.8105453100414,3.7174502542317995,-0.7683784756029922
3,25.08259267822095,-6.310182140671115,0.012730423517010996
3,95.20766924265182,3.0131913768014833,-0.7917602943845004
3,86.72867101511878,-7.706525981604484,-0.10516722404850821
3,71.55373103698328,2.2348586687330254,2.337717361356773
3,18.97050845812435,7.3479422794767935,-0.10454560702198429
3,93.668382887368,4.117263393165505,0.5646117122113082
3,95.97142903581573,0.7721228303856194,-0.44735605852727367
3,12.187586217044556,6.582285773504754,-0.23028298897413407
3,75.06144275557585,-1.8786867721055032,0.008981417158946004
3,63.961947927489426,-2.5263079021854873,1.7444993568242197
3,5.0244043487882815,3.334500121231942,-1.8092268903162572
3,29.261083774561055,9.400002758695049,-1.453866241899385
3,95.46828691208636,-2.113477850235183,-0.24992823588706706
3,63.648484884192904,-6.3085867741838015,-0.7916830563257661
3,93.59377886568538,-3.9883886626878358,0.27824063195774706
3,78.76442396054603,3.031514189777326,1.377075685758619
3,15.152582524826919,-3.0830690764529267,0.9148053752248256
3,88.01916870726028,9.374029819868497,0.12170992095790602
3,80.90322402150791,5.889305021264919,1.263284357310443
3,79.11520473687384,6.629779048441652,-0.060770453091827596
3,76.12341052454326,-6.36712021477321,0.2111014026537565
3,83.55239609766389,-9.921463397452495,-0.03146625683250451
3,87.53892019041359,7.615323588833224,0.09156335581144444
3,74.03475498186695,2.7267208125276703,1.6117926694723799
3,37.23619409066541,-9.487543076198957,0.8406935284128111
3,43.64106890470988,-5.751976181915543,0.5373818870704499
3,32.27426640513691,1.7166078613268958,0.03120658024946371
3,65.11026895243417,8.357394156175602,0.1021178914509119
3,50.06062260023631,-5.894062937048741,-1.2287814993506376
3,20.74288709247614,2.8829781652399173,1.2914340312027255
3,49.63189188379799,4.308479273874148,1.3099311463160364
3,35.5700677919405,-8.754017211070476,0.7215272385023371
3,6.426906059173223,-3.654104592071416,-0.09644995252893435
3,89.94730743488286,9.669456471172818,0.16974022454629523
3,99.33128044862879,-8.928778518268057,0.09214023519016004
