const,slope,value,err,result
10,3,4.592002742523116,0.6999480727540724,24.47595630032342
10,3,-5.851549444039897,-1.3012305984571506,-8.855878930576841
10,3,6.0997428614735725,0.43119332677725686,28.730421911197976
10,3,6.260870438580149,-1.8402722907161402,26.942339025024307
10,3,8.248787343032504,-0.5961648158230077,34.1501972132745
10,3,4.701358563386936,-0.5223367458192966,23.581738944341513
10,3,-3.5839162097501127,0.5992221610532055,-0.15252646819713267
10,3,-1.8424364582459702,-0.25223493133416286,4.220455693927926
10,3,9.999854760362364,-0.11941382667320802,39.88015045441388
10,3,5.659160749808581,-1.116541568223693,25.860940681202052
10,3,4.372954937504458,0.5485967830648567,23.667461595578228
10,3,9.15849089245756,0.7122454052060665,38.18771808257875
10,3,4.696255617215652,0.775395427905504,24.86416227955246
10,3,5.339306360358378,-1.4076154778109649,24.61030360326417
10,3,-5.230118573474587,-0.7239113405230645,-6.414267060946824
10,3,8.114916232525108,-0.501811137035232,33.84293756054009
10,3,2.482414854554211,-0.23013543199929748,17.217109131663335
10,3,6.921864685558113,-0.5131267486282032,30.252467308046135
10,3,-5.91881870739442,-0.3071557855548151,-8.063611907738075
10,3,-5.552506622560847,0.531208759443788,-6.12631110823875
10,3,7.4415660149395215,0.07604018560254497,32.400738230421105
10,3,-5.9006740776626305,-1.3431259449100716,-9.045148177897964
10,3,1.7340565780044965,-0.8432110251993454,14.358958708814145
10,3,-4.392661906856352,0.07538385718872732,-3.102601863380329
10,3,-3.092861889425553,0.10894959570027217,0.8303639274236136
10,3,0.3605286688623437,0.6989168162808861,11.780502822867916
10,3,6.80372252671409,-1.0543850430591852,29.356782537083085
10,3,5.755687802570568,1.4734817734984902,28.740545181210194
10,3,-0.04254824356099185,-1.247089745884953,8.625265523432072
10,3,2.0908964106633654,-0.6279114942008195,15.644777737789276
10,3,5.291367755439607,-1.5928321951501847,24.281271071168636
10,3,5.989395187564913,0.5215752120959185,28.489760774790657
10,3,6.338639844765112,-0.559353814061556,28.45656572023378
10,3,-6.822640348336999,1.136956124426656,-9.330964920584341
10,3,-0.8087487409769025,-2.113910710162952,5.45984306690634
10,3,-2.5737454114529656,-0.49572121567469324,1.7830425499664098
10,3,-2.828334384711006,-0.8095710897407435,0.7054257561262383
10,3,4.239511022747493,0.48416864907136226,23.20270171731384
10,3,3.040208238307546,1.028442998891039,20.149067713813675
10,3,-6.506418076483467,-0.4311544918129878,-9.950408721263388
10,3,5.155085273079514,0.621640238711085,26.086896057949627
10,3,-1.8826358355511612,1.3633187654679677,5.715411258814484
10,3,-2.855330847266826,0.8465234481343418,2.2805309063338637
10,3,8.510142161817445,1.1509587936861245,36.68138527913846
10,3,-9.866565009704845,0.4594477636177033,-19.140247265496832
10,3,8.432229443250925,-1.114485382656961,34.18220294709582
10,3,-5.5707817430550595,-0.4932607303058344,-7.205605959471015
10,3,-7.932204146418749,0.044312459883045933,-13.752299979373202
10,3,-3.494419142066077,0.8072946528541981,0.32403722665596757
10,3,-6.089672125612527,0.5740956939252666,-7.694920682912314
10,3,6.458025346100943,-1.0432577830335175,28.33081825526931
10,3,-0.3658011427791248,-0.039343345208025474,8.8632532264546
10,3,-1.9634277461004714,0.00899849471744612,4.118715256416031
10,3,-3.708963758926731,-0.20811413831187126,-1.3350054150920634
10,3,-9.258620062393865,-0.26548581471014104,-18.041346001891732
10,3,-4.978138120188369,0.0022057120002717846,-4.932208648564835
10,3,7.596420672828003,-0.3018102594477549,32.487451759036254
10,3,-9.668419464167425,0.4392571985476484,-18.566001193954627
10,3,-0.4544129010380704,-1.38669764647307,7.250063650412718
10,3,-9.411607180282605,0.6794723009070915,-17.555349239940725
10,3,1.7718235951305914,1.7920724887367085,17.10754327412848
10,3,1.3539117789000699,0.22401451979348205,14.285749856493691
10,3,-8.99673240830306,0.34243898618318586,-16.647758238725995
10,3,4.744242731761094,-0.5193161522791739,23.71341204300411
10,3,1.2387680054151708,-0.607758849645253,13.10854516660026
10,3,1.8355688782990303,-1.7353105437954348,13.771396091101655
10,3,-1.8120297711315416,-0.09369332790441282,4.470217358700962
10,3,-2.4412864632637588,0.7277548972726465,3.40389550748137
10,3,-5.636494381155652,-0.08220196524366612,-6.991685108710623
10,3,-1.4732098551120743,0.6689769916426556,6.249347426306433
10,3,8.116155417688375,-0.833272066378547,33.51519418668658
10,3,-4.660658629572225,0.7963032996130084,-3.1856725891036675
10,3,-8.384585082881959,-0.2837964720006974,-15.437551720646573
10,3,6.75831420958631,1.2814892550223105,31.55643188378124
10,3,-8.716340853490701,0.7257860876654306,-15.423236472806675
10,3,8.366571494232709,-0.5568363221090802,34.54287816058905
10,3,-7.655193229085377,-0.42424994121347087,-13.389829628469602
10,3,1.6714719449812403,-1.5339057789073864,13.480510056036334
10,3,-0.7716753055576362,0.949884090883281,8.634858174210372
10,3,4.960648380162434,-0.015831985031430056,24.866113155455874
10,3,-4.253729755005864,0.7375294453316742,-2.0236598196859177
10,3,0.2981968206135761,-0.4184732913145371,10.47611717052619
10,3,5.123400080203346,-0.08833390235906625,25.28186633825097
10,3,6.669297738753691,1.1808334962691112,31.188726712530187
10,3,-3.2868702442187008,-0.19469994196090934,-0.05531067461701167
10,3,-8.49882748705378,-0.3318145564416433,-15.828297017602985
10,3,2.683300536977157,-2.022629672338591,16.02727193859288
10,3,-1.8192411784019669,-2.600814139195564,1.9414623255985353
10,3,6.896574386863893,0.21548505811948127,30.90520821871116
10,3,-7.242742973226917,0.6808523353733045,-11.047376584307445
10,3,-8.468524654720307,0.09637243621227468,-15.309201527948648
10,3,-1.9953844758343955,-0.27155547899745625,3.7422910934993574
10,3,-3.232671680097871,-0.31378621888966046,-0.011801259183274071
10,3,-6.003104970957018,-2.492591307670591,-10.501906220541645
10,3,-5.6381151981266235,0.5667954560164418,-6.347550138363429
10,3,8.315890426877253,0.888965275130016,35.83663655576178
10,3,-4.610811104680719,0.4563208746881396,-3.376112439354018
10,3,5.782633386119457,1.7059728961471223,29.053873054505495
10,3,-4.393141651471881,-0.2812398384754664,-3.4606647928911087
10,3,-4.216813077679927,2.096046456704163,-0.5543927763356171
10,3,9.691333393140589,-0.6497344578432417,38.42426572157852
10,3,1.293032347550806,-0.44277986937891783,13.436317173273501
10,3,-8.359521313716575,-0.3788408159377909,-15.457404757087515
10,3,6.319620863717741,-0.1608448408856954,28.79801775026753
10,3,-6.125918880647989,1.1513606899743591,-7.226395951969609
10,3,-1.7796581434602938,0.6035291006067633,5.264554670225882
10,3,-3.005329190483865,-0.20773482791509945,0.7762776006333061
10,3,4.082858772966686,-0.2756083078365088,21.972968011063546
10,3,-4.412514010983624,0.015126739515817778,-3.222415293435052
10,3,-1.4306097084868412,0.5159787777680251,6.224149652307501
10,3,0.9868867564892447,-0.40071236661342824,12.559947902854306
10,3,6.189974266752319,-0.9294191193366912,27.640503680920265
10,3,-7.794259097872822,-1.4967841824545332,-14.879561476073
10,3,-0.21662109422059572,-1.8220901432054575,7.528046574132755
10,3,9.049652274161776,0.9290893935648862,38.07804621605022
10,3,-1.6904247940207906,-0.48893967382513137,4.439785944112497
10,3,-3.4508505337109607,0.24277624769752046,-0.10977535343536174
10,3,7.206266717326443,0.23310311275837153,31.8519032647377
10,3,-6.3927511396961485,0.45404771702666097,-8.724205702061784
10,3,-6.099537669685584,-2.4813453933889194,-10.77995840244567
10,3,0.6489470855849682,0.17862116294834343,12.125462419703249
10,3,-0.0223245640632026,-0.5895242465090713,9.34350206130132
10,3,4.437162724454966,0.5054736880381284,23.81696186140303
10,3,2.2555221943773933,0.36345032903673197,17.130016912168912
10,3,0.7302303731567079,0.973297456444825,13.16398857591495
10,3,-2.204990744771818,0.694569887377846,4.079597653062392
10,3,4.091955767183158,-1.5099731369030414,20.765894164646433
10,3,9.955857187772107,-0.9620709862467834,38.90550057706953
10,3,-4.020826996897371,-0.7699678899698228,-2.8324488806619366
10,3,9.899430887923305,-1.1173351801290574,38.58095748364086
10,3,1.700654346316533,-1.233713865686961,13.868249173262637
10,3,4.561192519474805,0.6925657199239847,24.376143278348398
10,3,-2.978368634348847,-0.7708057030569826,0.2940883938964767
10,3,3.0799240632196643,-0.19043890304000452,19.04933328661899
10,3,-4.872674184136723,-0.9031284315207297,-5.521150983930897
10,3,-2.0569421399325556,-0.4934164252875969,3.3357571549147362
10,3,-6.815845877321289,1.163239060102404,-9.284298571861465
10,3,6.462676296440023,0.6150838007160755,30.003112690036144
10,3,-2.926854286766101,-1.0852239235585337,0.13421321614316284
10,3,9.110053602231897,-1.725670169918123,35.60449063677756
10,3,5.937271070602987,0.5463498859000789,28.35816309770904
10,3,8.053643203114774,0.5113725181180161,34.67230212746234
10,3,3.4722809754154387,2.0285367352804657,22.445379661526783
10,3,8.606849413735588,-0.12650684019833164,35.694041401008434
10,3,1.0152254153489437,-0.6677091186391181,12.377967127407713
10,3,-0.1127697052322123,-0.1031461155791817,9.55854476872418
10,3,5.955266968156771,0.35793228881430894,28.22373319328462
10,3,-0.6702088526103616,-0.17830062134697644,7.811072820821939
10,3,7.965540206495792,1.9320308569114855,35.82865147639887
10,3,-7.240592709235263,-1.6407879115186723,-13.362566039224461
10,3,-7.394679973101597,0.06787446011734578,-12.116165459187444
10,3,-8.29901050367555,1.1114019572864877,-13.785629553740163
10,3,1.846351457167021,-1.1696008055156402,14.369453565985422
10,3,0.5937699055395456,0.024496044311017998,11.805805760929655
10,3,4.7924490506634125,0.5785591843146464,24.95590633630488
10,3,-4.773462192298008,1.8052729868750013,-2.515113590019022
10,3,-2.5983345823114075,1.3363779519789698,3.5413742050447476
10,3,8.118132044346659,-0.21095376839406615,34.143442364645914
10,3,-6.956082100662275,-0.8849816206368227,-11.75322792262365
10,3,-5.59371309400289,-0.06876492307856405,-6.849904205087234
10,3,7.779557079469175,-0.6933115559667135,32.64535968244081
10,3,5.424491889416958,-1.9621253323892611,24.311350335861615
10,3,-3.9792855288509283,1.5504218482483763,-0.3874347383044088
10,3,-6.051533126719089,-1.48847307048062,-9.643072450637884
10,3,-5.3266851991081925,0.28024998257368744,-5.69980561475089
10,3,-1.696501533255475,0.6941483092885026,5.604643709522078
10,3,3.937084976006167,-0.9266350855085377,20.884619842509963
10,3,9.474375209094987,1.9335454737043283,40.35667110098929
10,3,-9.867280720565837,1.1123915038615106,-18.489450657836002
10,3,5.196662782481951,2.6372744825284444,28.227262829974297
10,3,-0.0063966744476910975,0.7504064704760979,10.731216447133024
10,3,0.3976984349178707,-0.16200445882600098,11.031090845927611
10,3,-4.014227562054762,-0.17325659222459666,-2.2159392783888823
10,3,-9.456026982221243,-0.22305956378028888,-18.591140510444017
10,3,-6.865886337435596,0.6281293174117859,-9.969529694895
10,3,-5.458845245809812,-0.6971092164949704,-7.073644953924406
10,3,4.9111926300768545,-0.38541101791698656,24.348166872313577
10,3,-2.338934804765305,0.21295125262957956,3.196146838333664
10,3,-4.090092314331568,0.1669456969899906,-2.1033312460047147
10,3,7.052359924099644,0.25165451000240713,31.40873428230134
10,3,2.9901255973361334,-1.161995293794633,17.80838149821377
10,3,-4.798478999348794,0.03638252990384096,-4.35905446814254
10,3,-3.199426491528352,-0.22914362895769202,0.1725768964572525
10,3,3.4941950304670755,-0.25545951710244424,20.227125574298782
10,3,-9.776956407470902,-1.2644885197483282,-20.595357742161035
10,3,-5.905088550866608,-1.1466967299630153,-8.86196238256284
10,3,-8.473048612751505,0.49513316488518544,-14.92401267336933
10,3,4.489969835887456,0.40934134568028013,23.879250853342644
10,3,-3.9979989230454294,-0.3794081306601825,-2.3734048997964705
10,3,3.887338720269998,-0.540370538123369,21.121645622686625
10,3,-8.790190579285088,-0.360713286367663,-16.731285024222927
10,3,3.660240219558343,-0.7071258939612994,20.273594764713728
10,3,5.04671752122742,-1.0136784710126299,24.12647409266963
10,3,3.3208774176816114,1.0901580440626855,21.05279029710752
10,3,6.4205328776561075,-0.9497533629342831,28.311845270034038
10,3,2.9268806350786356,0.09980685028066984,18.880448755516575
10,3,5.143860631343227,-0.5565000534937561,24.875081840535923
10,3,-8.238198038024457,1.0963708866317579,-13.618223227441613
10,3,2.204988055836065,-1.6942229483255729,14.920741219182622
10,3,5.804245426568848,-0.7195257288995281,26.693210550807017
10,3,-9.990800349734865,0.33603423772691715,-19.63636681147768
10,3,8.670718788961985,-0.4498112494557799,35.562345117430176
10,3,-6.895301136310672,-0.19920287375037302,-10.88510628268239
10,3,7.1826746379311075,0.372742010351617,31.920765924144938
10,3,9.580909610025,0.11998269402632872,38.86271152410132
10,3,-5.613905753770332,-1.7825469046233982,-8.624264165934395
10,3,7.082611963819353,0.3722260756542059,31.620061967112264
10,3,9.898619971738938,0.5484796992130675,40.24433961442988
10,3,-9.513094387694176,0.28936244959389673,-18.249920713488635
10,3,-1.870979581618208,-0.07523749091367739,4.311823764231699
10,3,6.415369505839649,0.03959401882358457,29.285702536342534
10,3,1.5894844455846204,-2.8106962690708848,11.957757067682977
10,3,-1.6633582542938292,1.70031670155604,6.710241938674552
10,3,8.619028921605924,1.1379721463115327,36.995058911129306
10,3,-9.376831969958474,-0.5889916850449846,-18.719487594920405
10,3,3.527690111114916,0.2737950783685715,20.856865411713322
10,3,-0.6679787598545133,0.50172931668962,8.49779303712608
10,3,-8.627925290770895,0.019780131304263995,-15.863995741008418
10,3,3.2694411646052135,-0.004350914399195458,19.803972579416445
10,3,-0.9618881367260919,2.0816322740913,9.195967863913024
10,3,-8.718651920322154,-0.6031694090193301,-16.759125169985793
10,3,0.3078437264284162,1.1036176414273238,12.027148820712572
10,3,8.563131380246862,-0.48155519326795393,35.20783894747264
10,3,-5.42192294623427,-0.7613344862904833,-7.027103324993295
10,3,-1.7545104408330143,-0.03954847344372223,4.696920204057235
10,3,2.7647336169867813,-1.1142201533121858,17.17998069764816
10,3,-4.849086013803943,0.04993824128255893,-4.497319800129269
10,3,8.575730554347288,0.7867713866542632,36.51396304969613
10,3,-3.457984984182607,-0.1816177289004784,-0.5555726814482997
10,3,-5.431600601855708,-1.60864635331899,-7.903448158886116
10,3,-8.108096561639321,0.28088753348612333,-14.043402151431842
10,3,0.4970421689693456,0.20804179609261983,11.699168303000656
10,3,-8.2218869387927,0.07788223565098346,-14.587778580727116
10,3,3.462083924933948,-0.49649792715772045,19.889753847644123
10,3,9.477503330306863,0.7685914939343955,39.20110148485499
10,3,7.573640407198109,0.3860144518732415,33.10693567346757
10,3,-7.708197643368142,1.1887374917064666,-11.93585543839796
10,3,-4.3716473165671,0.10825561545741326,-3.0066863342438874
10,3,-9.217117472205203,-1.5459342129099691,-19.19728662952558
10,3,-3.4241731345397746,-0.24586470113522815,-0.5183841047545519
10,3,2.669105379378589,-0.1839729655355663,17.8233431726002
10,3,-6.577887619371334,0.690836839886832,-9.04282601822717
10,3,1.0068293619431223,0.8579613936361213,13.878449479465488
10,3,5.508240405899533,0.775154397287592,27.299875614986192
10,3,8.213777493670232,-0.8043118907108376,33.83702059029986
10,3,-6.494408855019362,-0.6934985987837374,-10.176725163841823
10,3,3.579939226803896,1.1238008644641284,21.86361854487582
10,3,-0.24588787471679652,0.8663775423682609,10.128713918217871
10,3,-8.958665846457247,0.28681909394192984,-16.589178445429813
10,3,-6.224556890545281,-0.23060054916076964,-8.904271220796613
10,3,4.567542334492554,-0.5845495475628961,23.118077455914765
10,3,8.445500912389608,0.8039690836042336,36.140471820773065
10,3,-0.5019591348803871,0.8339665375740637,9.328089132932902
10,3,5.9300019102626145,1.4852040364628527,29.275209767250697
10,3,-8.508662200054534,0.7548860008581282,-14.771100599305473
10,3,5.417569465837747,-0.6043223423475744,25.648386055165666
10,3,0.7772444224759525,0.03299940665847797,12.364732674086335
10,3,-9.023576832378255,1.4430892747551511,-15.627641222379618
10,3,-1.5474260294803308,-0.12131353328386695,5.236408378275141
10,3,4.774980337046939,-0.16065312452389238,24.164287886616922
10,3,-5.956212950929054,-0.3586242321634782,-8.22726308495064
10,3,1.7520792787892088,-0.3193326348522122,14.936905201515414
10,3,-1.7530240614154469,0.9120117814230049,5.6529395971766645
10,3,0.2159901619040383,0.6366861393863708,11.284656625098485
10,3,7.261963989744668,0.9841170048362885,32.770008974070294
10,3,0.9521119884864966,-0.06509477315869265,12.791241192300797
10,3,-1.9612012254843307,0.6998280742642121,4.81622439781122
10,3,9.364978542691777,-0.7221442914381149,37.37279133663722
10,3,-2.404284554305458,1.3527205623136902,4.139866899397316
10,3,-9.085619054329436,1.6795939967455986,-15.577263166242712
10,3,7.64416625152008,-0.5150447282830767,32.41745402627716
10,3,-3.5466310789827933,-0.026926736097672942,-0.6668199730460528
10,3,5.72402552884132,-0.9396038590431142,26.232472727480847
10,3,-8.635574266529469,0.2775680277786711,-15.629154771809738
10,3,8.168605547553351,0.07782626132102569,34.58364290398108
10,3,9.362863744698227,-0.020011527280032332,38.068579706814646
10,3,-0.9709155293614984,0.8278959776258668,7.915149389541371
10,3,-8.435296451322472,0.4853528094337069,-14.82053654453371
10,3,-5.216254493196888,-1.5886713607000402,-7.237434840290703
10,3,-7.38748475504919,0.1296178042176835,-12.032836460929886
10,3,7.107516407485267,-0.42624144874531916,30.896307773710483
10,3,1.4584921588609383,-1.3058173492196703,13.069659127363146
10,3,-6.5641022705635095,0.28478857104930255,-9.407518240641226
10,3,-5.036215950892993,0.5275246867219994,-4.5811231659569795
10,3,7.63363961947061,0.9513897767651311,33.85230863517696
10,3,3.947776814313656,0.7368147601268538,22.580145203067822
10,3,4.095330010374523,1.1391809950796294,23.4251710262032
10,3,7.18773170495777,-0.7889212733156151,30.774273841557694
10,3,-2.310750773948125,-2.6150225141257346,0.45272516402989105
10,3,-3.3533267184401723,-0.18506081019884024,-0.24504096551935706
10,3,7.376935740474487,-0.6996679317962058,31.431139289627254
10,3,1.8533216344527563,0.5976308780677652,16.157595781426036
10,3,-7.042026919347069,-0.004892311036511701,-11.130973069077717
10,3,-5.757671692948838,-1.2580968330223048,-8.531111911868818
10,3,2.8420877105130664,-0.4793227205442356,18.046940410994964
10,3,-3.18028044031593,0.6517337161280916,1.1108923951803003
10,3,1.4041221307002516,1.4099746131362245,15.62234100523698
10,3,3.2852613366289347,1.381789939717051,21.237573949603856
10,3,8.232472956077164,0.58293122930432,35.280350097535816
10,3,9.105733570080112,0.8562388458995375,38.173439556139876
10,3,3.8593035193747323,-1.1830760889906042,20.394834469133592
10,3,5.24060858471249,0.2643789767796275,25.9862047309171
10,3,0.9628575710555616,1.0660895199453075,13.954662233111993
10,3,-1.2746143658818063,0.3554499958796578,6.531606898234239
10,3,-8.179122541920202,0.47012678116807466,-14.067240844592535
10,3,8.340700110268141,1.7409913956583427,36.76309172646276
10,3,-1.3177612227675706,-0.8740529547911177,5.17266337690617
10,3,2.4416315275735894,0.9113482114958013,18.23624279421657
10,3,0.4351969377031182,1.361477240109023,12.667068053218378
10,3,4.002975185813469,0.411758705440782,22.42068426288119
10,3,-7.574590571053658,-1.6158956675242178,-14.339667380685192
10,3,-7.751967423868038,-0.6672352441600061,-13.92313751576412
10,3,8.804528704849982,1.0081679240433687,37.42175403859331
10,3,-2.958182605966293,-0.4301487099370222,0.6953034721640987
10,3,-0.2855017958525714,-0.10212172338981128,9.041372889052475
10,3,3.8684036934737343,-0.26195964384914877,21.343251436572054
10,3,8.005480763089324,1.4092654758545555,35.425707765122525
10,3,0.5909325900733915,0.4623199765848861,12.235117746805061
10,3,1.929272761464647,0.6329265813800676,16.420744865774008
10,3,-1.7904106863979763,1.4520560772307292,6.0808240180368
10,3,0.7401445040264178,-0.9445341167491365,11.275899395330118
10,3,5.578355416319702,-1.1060831519896919,25.628983096969414
10,3,-4.614693466542992,1.9074903500988216,-1.9365900495301536
10,3,4.443589491612867,-1.204748544474188,22.12601993036441
10,3,8.569302539672147,0.6813161401785979,36.38922375919503
10,3,-4.864822518262617,0.3156617241107907,-4.278805830677061
10,3,-4.6750921651369985,-0.7708141746169479,-4.796090670027944
10,3,0.6059052518042591,1.154119296880531,12.971835052293308
10,3,6.574661962724189,0.0308065784814685,29.754792466654035
10,3,-5.642360038081245,-0.7788650636205041,-7.7059451778642405
10,3,-9.555557970223065,0.191065141850172,-18.475608768819026
10,3,-9.65860207726399,-1.9376719803629616,-20.913478212154928
10,3,-4.892306170282607,0.2917082531523024,-4.385210257695519
10,3,-5.010323926713054,2.2984878754543074,-2.7324839046848557
10,3,-0.8495443311958546,0.880880521638814,8.33224752805125
10,3,-4.407976837730017,0.021030604678792992,-3.202899908511257
10,3,0.4138550586037848,-1.0850568813313686,10.156508294479986
10,3,-8.674014603790203,-0.5017802751502993,-16.523824086520907
10,3,4.9334211927760485,-1.1120464818884361,23.688217096439708
10,3,6.230962928436686,-0.533763303121225,28.15912548218883
10,3,-9.667058508721967,-0.19666885446014237,-19.197844380626044
10,3,1.7884544334561365,-0.2426369227926495,15.12272637757576
10,3,4.862354441394054,0.21194271690245972,24.79900604108462
10,3,5.4235216582313726,-0.35097196894298943,25.91959300575113
10,3,-2.38362279849635,-1.1763420197286754,1.6727895847822751
10,3,-9.81528246811219,0.838624111177131,-18.60722329315944
10,3,3.0197880815020017,-0.5478620685537521,18.511502175952256
10,3,1.6052695842513902,1.33057588204325,16.14638463479742
10,3,-8.489097860546835,-0.35910171965667775,-15.826395301297183
10,3,-6.789094412691783,1.6577079890211026,-8.70957524905425
10,3,0.2964041761921372,-1.3651568141041401,9.524055714472272
10,3,-0.041683908646000134,-0.7444982599616216,9.130450014100377
10,3,6.520278466889863,0.34017539382065454,29.901010794490244
10,3,-4.04497092680913,0.7348390436417167,-1.4000737367856735
10,3,0.9910554245091259,0.7729806493486174,13.746146922875996
10,3,-6.85145642473473,-0.06789661045498861,-10.62226588465918
10,3,5.214819087734233,0.8613723474196989,26.505829610622396
10,3,-3.4460724864520076,0.32913940912987266,-0.009078050226150991
10,3,0.0445635127823536,1.0386817508251267,11.172372289172188
10,3,-3.800323390259848,0.5495846766976803,-0.851385494081864
10,3,2.5665071106425366,-0.029046391556596066,17.670474940371015
10,3,-1.259596212445775,1.711258772982413,7.932470135645088
10,3,7.75879522956636,1.9885809709947768,35.264966659693854
10,3,7.478618982176499,1.705825865481684,34.14168281201118
10,3,-0.48243974550543456,0.9065178569772487,9.459198620460946
10,3,-1.0237771198486207,0.15148923948336482,7.080157879937502
10,3,4.133243217082276,0.5858039631506424,22.985533614397472
10,3,3.3554160931439387,0.04539201567384234,20.111640295105662
10,3,5.769447558580836,-0.3090567790336349,26.999285896708873
10,3,7.020596198924288,0.9529793384537065,32.01476793522657
10,3,-5.711494791538659,0.4925384793081725,-6.641945895307804
10,3,3.2626468336653236,1.8251537740491615,21.613094275045135
10,3,3.8632753366286714,-0.8740394461462251,20.71578656373979
10,3,9.56238247009798,0.4053734373607328,39.09252084765467
10,3,-5.455960481147921,0.45572634947243584,-5.912155093971328
10,3,-7.152110472301995,1.4635741010250658,-9.99275731588092
10,3,-7.4479083237291395,0.27331321047932544,-12.070411760708094
10,3,-9.80059482378983,-0.498750764990246,-19.900535236359733
10,3,-7.569588218616157,-0.09824008310452033,-12.80700473895299
10,3,4.6884327294354815,1.107739596551689,25.17303778485813
10,3,7.316084872297331,-0.3046148127179007,31.643639804174093
10,3,-6.479106118707616,-0.31047299626682334,-9.74779135238967
10,3,7.5470019882390105,2.478116384579957,35.11912234929699
10,3,-1.581565632567477,0.2597876026811745,5.515090704978744
10,3,-5.359468482418692,-0.23345900592867216,-6.31186445318475
10,3,6.427202059505078,-0.10700998731414069,29.174596191201093
10,3,2.0668144102562653,1.247487688669416,17.447930919438214
10,3,0.6112214570620331,0.4832671719935342,12.316931543179633
10,3,0.6325619730758767,0.12734244398730712,12.025028363214938
10,3,-0.10717091254008793,1.4882829702028388,11.166770232582575
10,3,4.653022212092582,0.015232604790815589,23.97429924106856
10,3,-6.670359809588755,-0.3800130227708824,-10.391092451537148
10,3,5.550941021527258,-0.21240144305536113,26.44042162152641
10,3,-7.92988470300394,0.7464517746006225,-13.043202334411198
10,3,3.3055847123492974,-0.06296314942615192,19.85379098762174
10,3,7.586710757971044,0.6148139994960798,33.37494627340921
10,3,-1.1938959166258485,0.10405081583372272,6.522363065956177
10,3,8.351832685723359,-0.14074168711471857,34.91475637005536
10,3,-3.3211434664566752,1.5091057322214194,1.5456753328513937
10,3,6.125160671224485,0.23836158797446694,28.613843601647922
10,3,-5.168839736733661,0.6971876858213366,-4.809331524379646
10,3,-9.216429833617312,1.3297544457405328,-16.319535055111402
10,3,-9.459178344375957,1.177536853515624,-17.199998179612248
10,3,-5.581000342614548,0.8223827785835119,-5.920618249260132
10,3,3.2621870898508263,1.4978541108071224,21.2844153803596
10,3,7.607257677841531,0.8435768734351519,33.66534990695975
10,3,-0.019614340659458662,-1.7118892421992706,8.229267735822354
10,3,-0.8295188214447808,-0.6662556209700321,6.845187914695625
10,3,-3.929263170966964,-0.1838636499928589,-1.9716531628937506
10,3,7.940070408147079,1.2870881988189158,35.10729942326015
10,3,-2.403726187296611,-0.7515903871282028,2.0372310509819647
10,3,3.315462072293421,-0.1624287657704182,19.783957451109845
10,3,-0.14762182308373895,-0.6345859254714422,8.92254860527734
10,3,6.361911834743175,0.5117543438083763,29.597489848037903
10,3,2.7587273006958313,-1.1262754796553518,17.149906422432142
10,3,3.540440884612458,-0.952410912854036,19.66891174098334
10,3,-1.4528266976642552,-0.7845838955739369,4.856936011433297
10,3,1.081558059423653,-0.4878182420296765,12.756855936241282
10,3,-0.5642145248068093,-1.396400547524357,6.910955878055215
10,3,6.136939127382998,-0.20810806152084205,28.202709320628152
10,3,-2.331695455282235,-0.7741213206163189,2.2307923135369765
10,3,9.080723508770848,-1.0236927100926567,36.218477816219895
10,3,-7.11204370143596,-0.24142990850303858,-11.57756101281092
10,3,0.05612593382635467,1.3513012843642684,11.519679085843332
10,3,-5.322794528664165,1.809584886793745,-4.15879869919875
10,3,6.712017462373247,-0.924658873066494,29.211393514053245
10,3,1.5743850120900138,-1.0248111575431917,13.698343878726849
10,3,7.566190956646093,-1.2080018212717791,31.490571048666496
10,3,0.818930401621687,0.3476173936232619,12.804408598488322
10,3,-4.066267469649814,0.1714877396795581,-2.027314669269884
10,3,1.6464801227545642,-0.1760988754560498,14.763341492807642
10,3,8.89067311307264,0.21236333286888345,36.88438267208681
10,3,-2.0109738815240163,-0.6167955271264053,3.3502828283015456
10,3,0.9830567071831418,1.6311060491899376,14.580276170739364
10,3,-4.917059627988964,1.331814320955337,-3.419364563011555
10,3,6.327759111359256,0.6881177909963266,29.671395125074095
10,3,-0.11004779189098102,-1.5370183900500547,8.132838234277003
10,3,-2.039269042458045,0.37039781346763084,4.252590686093495
10,3,7.929094545085945,-1.0849808578894193,32.702302777368416
10,3,0.45264515151757045,0.8128215480647649,12.170757002617476
10,3,-1.4543241789498964,-0.633030168381497,5.003997294768814
10,3,8.349858360576942,-1.2915897781437642,33.757985303587056
10,3,5.459547603974119,0.4669738977340938,26.84561670965645
10,3,2.95488848846343,0.8510007035626507,19.71566616895294
10,3,9.595841700823108,-1.8655540478986918,36.92197105457063
10,3,-9.276127726960501,-1.0400272469726046,-18.86841042785411
10,3,2.7215608734448526,-2.5515619522664807,15.61312066806808
10,3,0.14314129602578518,1.7982952801363143,12.22771916821367
10,3,-5.649192633474415,1.4229698962907342,-5.524608004132514
10,3,-4.980826828563851,-0.7587790979546432,-5.701259583646196
10,3,-2.813834591508046,-0.1328535026259398,1.425642722849922
10,3,-7.088699877448718,-0.4704350051922257,-11.73653463753838
10,3,0.6395446334669508,0.0588002095134042,11.977434109914256
10,3,2.557114749889811,2.481165782231918,20.15251003190135
10,3,-3.1040813522887305,-0.08636438645021575,0.6013915566835928
10,3,7.055226166050058,0.18691519417735286,31.352593692327527
10,3,-7.072290878237155,1.8190724616954685,-9.397800173015996
10,3,6.429807349142219,1.2472954246866548,30.536717472113313
10,3,4.6556944317756415,1.1576388794090609,25.124722174735982
10,3,-0.29693776440218755,-0.16087632693184012,8.948310379861597
10,3,-8.447937222862478,1.4205684512298888,-13.923243217357546
10,3,-8.77386933778702,-0.20499898663153795,-16.526606999992595
10,3,-7.429155424972993,-0.2500181617956594,-12.537484436714639
10,3,8.773723476261889,0.3632520054457617,36.68442243423142
10,3,3.8881882811165944,-0.2997653937768349,21.36479944957295
10,3,-8.374066165443235,-0.20766753659218945,-15.329866032921895
10,3,-8.07727200147427,-0.7446844431862969,-14.976500447609109
10,3,1.2284094417946818,2.9419903420652895,16.627218667449334
10,3,5.252013153290065,0.3094414343444833,26.065480894214677
10,3,1.146234471931109,-0.010682566943082124,13.428020848850245
10,3,0.14248389944513917,0.10142362869331355,10.52887532702873
10,3,-5.765272342720367,-2.1218481642646085,-9.417665192425712
10,3,-0.8995577886417969,0.48020934625072875,7.781535980325338
10,3,-9.159543652542268,0.6824395352273259,-16.79619142239948
10,3,-9.010278664670183,-0.49715935009106593,-17.52799534410162
10,3,7.3634670287132735,-0.2722177131458447,31.818183372993975
10,3,-9.428269678268943,-0.47937331853734955,-18.76418235334418
10,3,-0.8543193034069407,0.9463815924196849,8.383423682198863
10,3,-8.3445880424174,1.4039626069683115,-13.629801520283886
10,3,-8.78929929090484,1.6693582951770125,-14.698539577537506
10,3,-3.5866271830953345,0.22769306500967262,-0.5321884842763307
10,3,-5.561430011292144,-0.5555494112243441,-7.239839445100774
10,3,-8.278670563089417,1.0367536236408865,-13.799258065627363
10,3,-1.299790733539087,1.523619438747725,7.624247238130464
10,3,-6.025335941924741,1.849416047067268,-6.226591778706955
10,3,9.2823274772547,-2.2986789722479393,35.54830345951616
10,3,-3.616688381183617,1.4951998148889947,0.6451346713381445
10,3,9.132219801628093,-0.26239059847419727,37.13426880641008
10,3,5.528766498230382,-0.1288183327111563,26.45748116197999
10,3,1.566843796983619,0.8125026020327025,15.51303399298356
10,3,8.635446108645148,0.9228042199043313,36.82914254583977
10,3,-6.726837322169841,1.0399097247992632,-9.140602241710257
10,3,6.0134895758577045,0.48247206073857,28.522940788311683
10,3,-8.90597196394631,0.06369001695133959,-16.65422587488759
10,3,-4.399580511199332,1.085006852242445,-2.113734681355551
10,3,-3.1469636717509424,0.5433143518424515,1.1024233365896243
10,3,3.939532978340093,0.6810338982558543,22.499632833276134
10,3,8.431584697032786,1.3987359599317664,36.693490051030125
10,3,-9.393177547969307,-0.27219038482273594,-18.451723028730655
10,3,3.4791855616168696,-0.7681707130242327,19.669385971826376
10,3,-5.154682922654712,0.625219675557404,-4.8388290924067325
10,3,-8.43554423265173,1.9584607375471297,-13.348171960408058
10,3,7.367616687139453,-0.6112576806284648,31.491592380789893
10,3,4.1325889066801285,-1.5957635923639026,20.802003127676485
10,3,2.9245852458068082,-0.4040619191552875,18.369693818265134
10,3,-5.611901700034672,0.9894984140956968,-5.846206686008318
10,3,-6.950195734786471,0.994178659178447,-9.856408545180967
10,3,-0.22070266888341905,-0.24599433516038094,9.091897658189362
10,3,9.94667231096334,-0.4483609801917557,39.391655952698265
10,3,-1.7455968893952996,-0.4322897817947,4.330919550019401
10,3,-0.6214404665572655,2.3068637115988686,10.442542311927072
10,3,8.78542930575453,0.45326137461090904,36.8095492918745
10,3,1.1539337650506525,0.6166865490608785,14.078487844212836
10,3,-2.938479168335655,-2.8299489806206766,-1.645386485627642
10,3,9.949797737363166,-0.8831632601589394,38.96622995193056
10,3,-0.9759359039254907,0.8887259762700582,7.9609182644935865
10,3,-7.2582809214430855,-0.7802124344408431,-12.5550551987701
10,3,1.7607451161308756,0.4432365326363597,15.725471881028987
10,3,9.160541983015225,-1.657811796001303,35.823814153044374
10,3,-2.2157763188946245,0.6313597924772778,3.9840308357934044
10,3,6.989954739477671,0.001223663755396145,30.97108788218841
10,3,9.070951861368787,-0.859887938123753,36.35296764598261
10,3,-7.3508522954110305,0.698452345528402,-11.35410454070469
10,3,2.955989000872295,0.005651024083790078,18.873618026700676
10,3,-3.3957143322207806,0.08187560723117748,-0.1052673894311642
10,3,-6.826190723393704,-0.45954524537476477,-10.938117415555874
10,3,1.1022591519211353,-0.657449838080987,12.649327617682419
10,3,-0.7324353065585303,-0.9810238556010259,6.821670224723383
10,3,-8.452968568005016,0.09674193078597622,-15.262163773229071
10,3,-8.726148236739794,0.5742550588318676,-15.604189651387513
10,3,-2.317340704452418,1.0938808150873454,4.141858701730092
10,3,-6.867361205121516,0.1519142454446997,-10.45016936991985
10,3,-3.7274241096051153,0.459712476243051,-0.7225598525722948
10,3,5.888335361066474,-0.15417175007845513,27.510834333120968
10,3,7.292548102837323,1.6756342240196223,33.55327853253159
10,3,-0.8918275659945287,0.6742980947186851,7.998815396735099
10,3,-3.991527310393548,1.8235469863979175,-0.15103494478272683
10,3,9.456395971619656,0.13232290935251953,38.501510824211486
10,3,-5.4197448276608124,0.8242433710287765,-5.434991111953659
10,3,-2.7113759200555965,0.9931658236084467,2.8590380634416572
10,3,-5.530549545836014,1.6792437522798984,-4.9124048852281454
10,3,2.6354646704352103,-0.5876077124837839,17.318786298821845
10,3,6.853237727118437,-1.0075247590461351,29.552188422309175
10,3,0.4951672312011759,0.7326545225112834,12.218156216114812
10,3,2.1336108488303793,0.44212855318172173,16.84296109967286
10,3,-1.8216777054632,-0.17279338056441815,4.362173503045982
10,3,2.986724958860682,0.45920590874720785,19.419380785329253
10,3,-4.552106960609135,0.30252979180665657,-3.3537910900207484
10,3,0.9226941509326458,0.09404810962014894,12.862130562418086
10,3,4.798263216840182,-0.6991391505718135,23.69565049994873
10,3,-7.618847410619507,-1.9642451408202855,-14.820787372678804
10,3,2.7649651554700796,-0.45372769048365086,17.84116777592659
10,3,0.3283314278441445,0.4722478600335221,11.457242143565956
10,3,6.473352715590792,-0.1398686444702343,29.280189502302143
10,3,-2.634664398977165,0.6178189224761306,2.713825725544636
10,3,7.354112337073001,-0.17716881530389406,31.885168195915107
10,3,2.5692726510515804,-0.7854602908126599,16.92235766234208
10,3,-0.19346047550511436,0.3531604406251375,9.772779014109794
10,3,1.7384853992167493,-0.9001330547127762,14.315323142937471
10,3,-9.882334387677323,0.5873683381796782,-19.05963482485229
10,3,3.5100475713848596,-0.2976462474540193,20.23249646670056
10,3,4.9744520354129165,0.6836791077150342,25.607035213953782
10,3,-4.488892791657029,1.2626521741152865,-2.2040262008557985
10,3,-8.488877448421539,-1.1672368053507423,-16.633869150615357
10,3,5.279023679647958,-1.562435351424086,24.27463568751979
10,3,3.6271817156620543,0.3635245028650208,21.245069649851185
10,3,3.5626218247441503,-0.29849921099685117,20.3893662632356
10,3,-1.7825557453030285,-0.8103578420788565,3.841974922012058
10,3,-5.7751941649842164,0.6944009611521327,-6.631181533800516
10,3,-8.782788580817602,0.1496201853433752,-16.19874555710943
10,3,-8.246146265683505,0.3281281329524348,-14.410310664098079
10,3,-4.160043212800055,0.3300935777935654,-2.150036060606599
10,3,0.5572433498299496,-1.316972360211333,10.354757689278516
10,3,-9.91473731367386,0.7474780606611187,-18.996733880360463
10,3,6.152584127967813,-0.20479189973149317,28.252960484171947
10,3,-1.3528942556635073,-0.6132122785862627,5.328104954423216
10,3,9.190984611000637,0.5667263599244535,38.13968019292636
10,3,-0.7919533789824662,-1.1662780681912506,6.457861794861351
10,3,-0.7813975405991496,-0.5888600075881548,7.066947370614397
10,3,9.176712052327343,-0.2080277032976315,37.32210845368439
10,3,0.19174881825142087,-1.6486541109193542,8.926592343834908
10,3,9.78385934867434,2.0077294430903416,41.35930748911336
10,3,-3.5145762168039507,0.23943301620299642,-0.30429563420885575
10,3,-0.020755064531982725,-0.16852451739974042,9.769210289004311
10,3,-9.036714092292844,1.1994227973766998,-15.91071947950183
10,3,8.046613137097513,-0.32841215624323483,33.81142725504931
10,3,-9.720809449842545,-1.1219701570467073,-20.28439850657434
10,3,-4.013012362563025,0.31860927910933623,-1.720427808579738
10,3,3.2426982448104074,0.47461082463311666,20.20270555906434
10,3,9.696058133288023,1.4984809021209557,40.586655301985026
10,3,-1.5102414450178525,-1.8056600283669584,3.6636156365794843
10,3,2.544387190728795,-0.2393523046484543,17.39380926753793
10,3,5.966978660090181,0.41524735008774927,28.316183330358292
10,3,3.540318266080435,-0.8435911991152698,19.777363599126037
10,3,-5.164746866154692,-0.8222408765124865,-6.3164814749765625
10,3,4.988887473206482,0.47194541335588885,25.438607832975336
10,3,4.636978265269052,-0.5255548742572156,23.38537992154994
10,3,7.893160581716405,0.7995737689476572,34.47905551409688
10,3,-1.1517759502757805,-0.8155676629078389,5.72910448626482
10,3,3.816396771318665,-1.5658866526951634,19.883303661260832
10,3,9.19098927638607,0.5911646913293945,38.164132520487605
10,3,-3.1962408320527764,1.0763912826061732,1.487668786447844
10,3,-3.3838361216842667,-2.408349890870645,-2.5598582559234453
10,3,-7.583401415629838,0.43516434757080774,-12.315039899318709
10,3,4.538227917577375,0.024407252362576508,23.639091005094702
10,3,1.029862211819644,-0.6940881326397731,12.395498502819159
10,3,-4.236361162446894,-1.49559479709849,-4.204678284439171
10,3,1.1764906291713917,-0.6991655476258736,12.8303063398883
10,3,-6.163696946953063,-0.6759787865128243,-9.167069627372014
10,3,7.295513643263018,-0.028709169643786198,31.857831760145267
10,3,6.488928577211947,-0.9123850301959191,28.554400701439924
10,3,5.943926091578691,-0.5032301650964791,27.328548109639595
10,3,6.615526715974276,-2.1847198132381647,27.661860334684665
10,3,-4.6788390945567215,-0.6404537679835911,-4.676971051653756
10,3,-7.103321989602489,-0.9647210339780578,-12.274687002785527
10,3,3.4680743256489137,0.9847533072792294,21.388976284225972
10,3,-3.2715352670082627,-1.8549319392368318,-1.6695377402616198
10,3,2.4227438243173047,-0.3877243107350599,16.880507162216855
10,3,-5.727501191823214,-0.4868199210619382,-7.669323496531581
10,3,-3.2058259241319593,0.13495306748679028,0.5174752950909123
10,3,-8.089028652759954,0.6763471466061738,-13.590738811673686
10,3,-2.4849487209764254,0.9918713973944628,3.5370252344651867
10,3,1.5191422405209583,0.10082621440731743,14.658252935970193
10,3,9.06688725997298,-0.305655067116011,36.895006712802925
10,3,-6.4528558848864925,-0.10082692307753316,-9.459394577737012
10,3,7.425004781740995,-1.2293074996846798,31.045706845538305
10,3,9.922232679534673,-0.4882992797549211,39.2783987588491
10,3,6.1650332756272554,-0.648545377282389,27.846554449599378
10,3,-0.8875854175337032,2.158723974252189,9.495967721651079
10,3,1.3696192124232915,-1.5352256179112544,12.57363201935862
10,3,4.227049478830512,0.3367521283321391,23.017900564823677
10,3,-4.1672611465524145,-0.681331793711811,-3.1831152333690547
10,3,2.7140101102662317,-1.471189139864219,16.67084119093448
10,3,-6.26335970229869,-0.7504061122031729,-9.540485219099242
10,3,-8.826205019408611,0.8951103176385453,-15.583504740587289
10,3,-6.882581639361572,0.11554756582039753,-10.532197352264317
10,3,-2.5670318616473313,-0.3268275399706475,1.9720768750873585
10,3,-7.481904814960057,0.9890456055125109,-11.45666883936766
10,3,-2.4676947750441407,-0.09572155700433288,2.501194117863245
10,3,-3.041196829508113,1.6278459738441053,2.5042554853197663
10,3,9.142883311747898,0.5357593453911956,37.9644092806349
10,3,-6.2945091386064345,-0.687319894122286,-9.570847309941588
10,3,-4.27475008965242,-0.35327638899912156,-3.177526657956381
10,3,-1.0180054886930368,0.7646202811545085,7.710603815075398
10,3,5.286931150560694,0.6148946676342554,26.475688119316338
10,3,6.280933571674307,0.24648999234262048,29.089290707365542
10,3,5.444938814165152,0.8107925807917489,27.145609023287204
10,3,6.730221833717167,-0.11464172998408195,30.076023771167417
10,3,2.6478616013341156,-1.0822145230813394,16.861370280921008
10,3,-7.966894714910955,0.17676891001468428,-13.723915234718179
10,3,2.73356667032629,-0.4034684259783848,17.797231585000485
10,3,1.6925293738667122,-0.4848803327973619,14.592707788802775
10,3,4.7067212880410985,-0.4032405348782188,23.716923329245077
10,3,-1.2219332081220848,1.1924138363925925,7.526614212026338
10,3,2.536770491836723,-0.7559059127611872,16.854405562748983
10,3,5.957420681849694,1.0348475893809994,28.90710963493008
10,3,-4.250307786618053,0.09105657568065673,-2.659866784173502
10,3,9.09983925825555,-0.5944943977720953,36.70502337699455
10,3,0.8760116467993218,-0.25732360325956005,12.370711337138406
10,3,1.0365990112463859,-0.6272067219313548,12.482590311807803
10,3,-9.100441281001556,-1.0100043559794163,-18.311328198984082
10,3,7.239756124456353,0.8461568980451035,32.56542527141416
10,3,-4.307210263227967,1.2329684200281308,-1.68866236965577
10,3,-5.840473480743,0.9253157487502862,-6.596104693478715
10,3,1.9409829350076695,1.053047653859167,16.875996458882177
10,3,1.3700743347889812,0.05645554609435568,14.166678550461299
10,3,-2.6544057217623767,2.167427785413309,4.2042106201261795
10,3,-2.5885862997838043,0.7529019044616542,2.9871430051102412
10,3,-9.99520323227371,2.6794694032788704,-17.30614029354226
10,3,-5.586733557124052,-0.9318480268695087,-7.692048698241666
10,3,-4.488017455085154,-0.7250302679676511,-4.189082633223113
10,3,7.730371674316185,-1.081666659267543,32.10944836368101
10,3,-5.732263511563664,2.0390148298316935,-5.157775704859297
10,3,8.845220410391473,-0.5923944785079192,35.943266752666496
10,3,-5.057336915045942,0.716758111350016,-4.455252633787811
10,3,-7.507238828030469,-0.911417013594358,-13.433133497685764
10,3,6.373500616453374,-1.2659935854632693,27.85450826389685
10,3,-6.87560259407493,-0.06261886278524242,-10.689426645010034
10,3,-6.801414368799508,0.47052810255334354,-9.933715003845181
10,3,-8.630935266083046,0.0607507915236105,-15.832055006725529
10,3,-0.38240393773907044,-0.8722166606234775,7.980571526159311
10,3,8.2339623624196,2.5793416940001768,37.281228781258974
10,3,-5.3263955763742405,1.2046563502513794,-4.774530378871342
10,3,6.654273703845163,0.38774245758289827,30.35056356911839
10,3,-4.431738290094063,-0.4649670016234186,-3.7601818719056057
10,3,-7.952972318396647,0.2909370350015826,-13.567979920188357
10,3,1.7223587471376423,2.742624056475516,17.909700297888442
10,3,-8.749047520612818,0.8963556332430935,-15.350786928595358
10,3,-2.9151687560921573,-0.09290731395615422,1.1615864177673738
10,3,-7.624827643945659,-0.4114640349237636,-13.285946966760743
10,3,7.914088832568133,1.581694966008941,35.32396146371334
10,3,8.020983869778302,-2.21544529090085,31.847506318434053
10,3,-8.79289501421944,-2.18296838333352,-18.56165342599184
10,3,-3.086347820423059,-0.3003670134667924,0.44058952526402995
10,3,-1.17829530163222,0.5970154845068745,7.062129579610215
10,3,-6.571663001731489,1.042000089543196,-8.672988915651272
10,3,9.797497303755488,0.019394120242452222,39.411886031508914
10,3,-8.096353528583817,-0.39163315332434195,-14.680693739075792
10,3,-9.904530162828944,-0.9784742539211034,-20.692064742407936
10,3,-2.796430571544861,1.0530606881335791,2.6637689734989944
10,3,-1.1368334853463153,1.7269383618189973,8.31643790578005
10,3,5.73119102167,1.6498315499356817,28.843404614945683
10,3,3.97929810499177,-0.6383102623867183,21.299584052588592
10,3,2.8980151373832292,-1.0120913454930167,17.681954066656672
10,3,-5.204148750227446,1.5325162293166998,-4.079930021365639
10,3,-4.9844845720833035,1.7987808728586743,-3.1546728433912365
10,3,3.2989257565480496,0.21334990566814094,20.11012717531229
10,3,-4.841968859488139,-1.5998818137957604,-6.125788392260177
10,3,-2.1400673081500665,0.1613575334224456,3.741155608972246
10,3,-7.211666530556904,0.529102606433851,-11.105896985236862
10,3,-3.2791824545611608,0.6976604171142999,0.8601130534308177
10,3,-7.118642362178143,0.2521537313033866,-11.103773355231041
10,3,1.7591169144197227,0.010714066157813068,15.288064809416982
10,3,-4.5455173805921785,-0.4632475000552033,-4.099799641831739
10,3,-8.807804058550202,-0.550172775018616,-16.97358495066922
10,3,-3.054152686771971,-1.2213909850265348,-0.3838490453424479
10,3,3.141013866309976,0.33236937513682935,19.755410974066756
10,3,3.0318550361566707,0.8255527324800631,19.921117840950075
10,3,4.278698920850303,-0.737354345850265,22.098742416700645
10,3,-8.488491182001647,-0.8668048059944655,-16.33227835199941
10,3,-6.163410504081115,1.9767211528572097,-6.513510359386138
10,3,4.653180391895116,1.4230943912698746,25.382635566955223
10,3,-7.706923355442981,-0.28727297227935406,-13.408043038608294
10,3,5.99690683474652,-1.0820391551817108,26.90868134905785
10,3,5.490464916545854,0.6492583311896672,27.12065308082723
10,3,-6.730568142413096,0.29356517261505377,-9.898139254624233
10,3,1.5996272980775181,-0.8443507115608728,13.954531182671682
10,3,-1.4049832793627672,-0.6123847859394596,5.1726653759722385
10,3,-2.2401761648117136,-0.07756977395747669,3.2019017316073826
10,3,-1.5198108141776032,-0.16684801810663527,5.273719539360555
10,3,4.315554628611265,-0.9837754697908325,21.96288841604296
10,3,5.410860457742139,-0.3109373883352193,25.921643984891197
10,3,-8.03697128046965,0.31978025241191665,-13.791133588997035
10,3,-3.182660977284895,1.7887256833830207,2.2407427515283356
10,3,8.250806960404667,-0.14139034165033676,34.611030539563664
10,3,-8.143171638700007,-1.0906601632788657,-15.520175079378888
10,3,-0.420889224388759,0.43484883497741983,9.172181161811142
10,3,6.294991248861294,-0.9099963986201582,27.974977347963723
10,3,9.205227571839877,0.6646059338541597,38.280288649373794
10,3,-1.9885728603608541,0.38462699926669086,4.418908418184128
10,3,0.2951750647095146,-0.278074621996008,10.607450572132535
10,3,-4.834660900291201,-0.06743213397339451,-4.571414834846998
10,3,-3.2307329360454062,-0.1742382553279947,0.1335629365357866
10,3,-0.3072575053857136,0.27257073867950593,9.350798222522364
10,3,2.5727496576651774,-0.11732890958337902,17.600920063412154
10,3,-2.739268066195333,-1.1946153730459004,0.5875804283681012
10,3,-6.002620044317924,-0.7862537331013034,-8.794113866055076
10,3,-8.483917801307255,-1.5902548910473244,-17.042008294969087
10,3,9.142797022611116,-0.6098713763551623,36.81851969147818
10,3,4.397267324939037,0.4607813289146632,23.652583303731774
10,3,-3.052446554233443,2.1967376145375717,3.039397951837243
10,3,-7.378907031281097,-0.28930313340727154,-12.426024227250563
10,3,6.3103659379236134,0.042268445562310145,28.97336625933315
10,3,0.8519525149880138,1.330310175768004,13.886167720732045
10,3,2.028014869695605,-0.10238806756576657,15.981656541521051
10,3,8.613534561973957,-2.364503137511488,33.47610054841038
10,3,-8.573423031143204,-0.1898885677590159,-15.910157661188627
10,3,-1.797846325579453,0.7767705547521737,5.383231578013815
10,3,-8.49695472212048,0.33276595527813596,-15.158098211083304
10,3,6.34611187860375,-0.9179409703757667,28.120394665435484
10,3,-2.980601490124992,1.9636819974213475,3.021877527046372
10,3,-8.895870680716296,1.0919164485857873,-15.595695593563102
10,3,2.8931475521564884,0.5567561015262393,19.236198757995705
10,3,4.178012204367889,1.118568710938102,23.65260532404177
10,3,3.3856801895050026,0.003950038817514281,20.160990607332522
10,3,6.9603625532730256,0.8152267899442367,31.696314449763314
10,3,-2.158139737165376,-0.0804930709007789,3.445087717603093
10,3,-2.079932266599263,-0.8783970960440436,2.8818061041581675
10,3,-3.308350412532568,-0.3123779880137431,-0.23742922561144625
10,3,8.413841836401264,-0.10605056608008355,35.13547494312371
10,3,-2.027880560149282,1.4828863450265382,5.399244664578692
10,3,0.9980062171471911,-0.4457502258454027,12.54826842559617
10,3,-8.147690235624305,1.2510495075661618,-13.192021199306755
10,3,-0.6005832127222241,-0.805249070602921,7.393001291230407
10,3,-4.929898117208269,0.6795790332594648,-4.110115318365343
10,3,2.9999008346247695,0.3623620379548988,19.36206454182921
10,3,9.183568960491737,-0.3576748147955384,37.19303206667967
10,3,-8.198823865894934,-1.135849051228209,-15.73232064891301
10,3,-0.24284844560332353,-0.9892791045064238,8.282175558683605
10,3,6.720135579830597,1.5275075568193233,31.687914296311114
10,3,-7.087627066562787,1.533704781429509,-9.729176418258849
10,3,3.1577590635169663,-0.5781794385320624,18.895097752018838
10,3,9.702082585781373,-0.22036252797081834,38.8858852293733
10,3,-2.247526769018955,-0.979434853409309,2.2779848395338265
10,3,5.073337461446357,-0.6038086551183129,24.616203729220757
10,3,2.769472465646434,2.5323377422429934,20.840755139182296
10,3,-5.890253475580504,0.21465938925786698,-7.456101037483646
10,3,6.553895201490832,-0.5318097213018196,29.129875883170676
10,3,-7.716512257492296,0.2927797337416847,-12.8567570387352
10,3,8.98311277343997,0.048433663445008476,36.99777198376492
10,3,7.474485192354866,-1.1414785539758905,31.28197702308871
10,3,-7.301527811455852,0.33173990209979437,-11.572843532267761
10,3,6.705548615725522,1.5120617746304035,31.62870762180697
10,3,5.221374772605474,1.289499513836433,26.953623831652855
10,3,-4.026088244569124,0.4770859563938379,-1.6011787773135333
10,3,1.5221585345070956,2.2392941245775955,16.80576972809888
10,3,-1.9464179424176535,0.41736414110189607,4.578110313848936
10,3,5.595581687097566,0.4999960200848643,27.286741081377563
10,3,-5.2804419042140776,-1.4453475134796143,-7.286673226121847
10,3,-9.536474353010709,0.9821095980817125,-17.62731346095041
10,3,7.562748918256588,-0.8475106330717261,31.84073612169804
10,3,8.828723818786582,-0.01926849831744851,36.46690295804229
10,3,-0.8300376787552093,-1.1672991824998875,6.342587781234485
10,3,-2.4122481245620957,-1.0738348299177516,1.6894207963959613
10,3,2.762368376746247,-1.1762880294888802,17.110817100749863
10,3,0.9592716453047032,-0.058220233877329365,12.819594702036781
10,3,-3.9401679365978755,-1.7998140939403837,-3.6203179037340103
10,3,-2.9100664752145278,-0.03133592316997243,1.2384646511864443
10,3,-2.02353670998961,-0.25545075523521565,3.673939114795954
10,3,-1.8410997547072085,-1.2280448536142246,3.24865588226415
10,3,-3.669254869648899,1.2495450030097308,0.24178039406303342
10,3,5.522664782600003,-0.3137066449316077,26.254287702868403
10,3,-1.3285955555146138,1.8878268759938095,7.902040209449968
10,3,5.200447464943954,1.0777136822445597,26.67905607707642
10,3,8.281703299463356,0.29456626415127873,35.13967616254134
10,3,4.979589130756466,-0.0990496013261681,24.83971779094323
10,3,-6.171962529903217,0.505029813501021,-8.010857776208628
10,3,9.810922739450177,-0.686829878763057,38.745938339587475
10,3,8.399715160493987,0.26909465406338823,35.46824013554535
10,3,4.1319639326523045,1.5853571181839072,23.98124891614082
10,3,-3.710593333931018,0.7772888421516354,-0.3544911596414183
10,3,-7.263891998096115,0.12734595681212862,-11.664330037476219
10,3,9.66062981247888,-2.073571909922685,36.90831752751396
10,3,6.714174279250489,0.6541322959305813,30.796655133682048
10,3,-6.606418771920022,-0.15098326564567047,-9.970239581405735
10,3,8.552261362549373,-0.5908853051540909,35.06589878249403
10,3,-4.0381575329677695,-0.011252693519250331,-2.1257252924225587
10,3,-0.9275309365056579,0.13768480603619282,7.355091996519219
10,3,-4.33493618075528,0.9578404634109575,-2.0469680788548823
10,3,1.6656596398751304,-0.662447814783698,14.334531104841693
10,3,8.01154820259229,-0.5970454797500754,33.4375991280268
10,3,-7.187128765613567,0.3362674325975058,-11.225118864243196
10,3,-7.121052923401534,-1.567978836297408,-12.931137606502007
10,3,6.942957890784534,0.2935157315772636,31.122389403930864
10,3,-6.611267521404736,2.1521674217963183,-7.681635142417892
10,3,7.8132244170602725,1.2158721290171375,34.65554538019796
10,3,8.561056409414775,0.866061326997904,36.549230555242225
10,3,-2.7631648853702266,0.4092700767659474,2.1197754206552677
10,3,9.770124534957525,0.09060058254895416,39.400974187421525
10,3,9.97011887290514,1.0322112446215967,40.94256786333702
10,3,-6.005040103440821,0.6955019435062302,-7.319618366816236
10,3,8.659803409378995,1.5781468462744326,37.55755707441142
10,3,-6.977542515738535,0.9713715812496226,-9.961255965965984
10,3,2.4359312805380497,-0.710728548678055,16.597065292936094
10,3,4.8689861099503595,1.6974185873446022,26.304376917195682
10,3,-7.3246824874567125,-0.38115750180686037,-12.355204964176998
10,3,1.2903229441465118,-0.9455389277529997,12.925429904686535
10,3,-5.823873715203696,-0.5457086504565087,-8.017329796067598
10,3,1.1900861676999863,0.7950085138529321,14.365267016952892
10,3,6.030623719497193,-1.1077315636689957,26.984139594822583
10,3,-3.623159878231279,0.8869827442110395,0.017503109517202353
10,3,7.9769204171367285,0.2475829049805405,34.17834415639073
10,3,-6.128316589009191,0.19156099051855136,-8.19338877650902
10,3,-0.3454850042243649,0.6467209575660802,9.610265944892985
10,3,-8.275658586417403,-0.4741051788936363,-15.301080938145846
10,3,-2.3040903969424757,0.6832784799048658,3.7710072890774384
10,3,-7.727683436753717,0.8734154758758136,-12.309634834385339
10,3,8.943145427803717,-0.8916797288237661,35.93775655458739
10,3,8.495494784680258,-0.16510832148422866,35.32137603255654
10,3,-3.3656218471713917,1.011538231418047,0.914672689903872
10,3,-0.2661908462071434,-1.3503382246850026,7.851089236693567
10,3,-3.49591620110993,1.676805696136307,1.1890570928065174
10,3,-4.663781078459017,0.8833370004837473,-3.1080062348933044
10,3,-5.402940571927893,1.0234235519577,-5.185398163825978
10,3,8.154904307400894,-1.1588087118024484,33.30590421040023
10,3,-0.492507231919026,0.6601924869546986,9.182670791197621
10,3,8.563080837823371,0.07758383002802169,35.76682634349813
10,3,-9.621518099779072,-0.6811666274298556,-19.54572092676707
10,3,8.83906235115058,0.7938884886155937,37.311075542067336
10,3,-3.9968536873404297,0.09756234719637231,-1.8929987148249168
10,3,6.190551713264444,0.5326873380460471,29.104342477839378
10,3,3.933013834984166,0.018962488636208606,21.818003993588707
10,3,6.420982583521404,-0.15251854161172174,29.11042920895249
10,3,-2.8729389715061,-0.11460954670461432,1.2665735387770858
10,3,-6.390808574022087,-0.7902890146636545,-9.962714736729913
10,3,3.0651578279782967,-0.44954146839200076,18.745932015542888
10,3,-9.545496081313177,0.12281046678447226,-18.51367777715506
10,3,1.5314277687926303,-1.2623281657205716,13.33195514065732
10,3,-6.71676259521425,0.8835672401566158,-9.266720545486134
10,3,9.00325008311323,-0.2880744013387082,36.72167584800098
10,3,5.526436044696473,0.6944774994960494,27.273785633585465
10,3,-8.11859003897901,2.087934425972972,-12.26783569096406
10,3,6.885051347257047,-1.8418269414346449,28.813327100336497
10,3,4.338975127382167,0.4726158100325635,23.489541192179065
10,3,-5.570522517357763,0.042254291948566856,-6.669313260124724
10,3,-8.35283694891831,0.027300981641423222,-15.031209865113505
10,3,-1.5147625291887827,0.8874070535094458,6.343119465943097
10,3,6.814070282002266,0.21263675232464113,30.65484759833144
10,3,0.30008941771167486,0.8561663593871512,11.756434612522176
10,3,-6.843707313595663,0.19757266951088157,-10.333549271276107
10,3,-9.075715640237608,-0.4753644765048308,-17.702511397217652
10,3,0.9732077606091156,-0.40134635316641154,12.518276928660935
10,3,0.5354762014872598,2.5321297112615078,14.138558315723287
10,3,4.135412400412491,1.0678923562804807,23.474129557517955
10,3,-8.601085021829073,-0.051453986567051684,-15.854709052054273
10,3,1.1023133919349544,1.437932940959377,14.74487311676424
10,3,-4.880449478789761,0.9138014761309925,-3.727546960238292
10,3,6.607852039667112,-0.950390724617536,28.8731653943838
10,3,-3.2351134685499794,0.18212107906491412,0.476780673414976
10,3,8.86236146782069,-0.2367983152381107,36.35028608822396
10,3,0.14189304217266852,-0.4153685724963585,10.010310554021647
10,3,-6.576807061212657,1.081576575921958,-8.648844607716015
10,3,4.549035902084839,0.9123456064588525,24.55945331271337
10,3,-4.483529104806337,0.49170676968311844,-2.958880544735892
10,3,7.638345974116557,-0.4662198976562235,32.448818024693445
10,3,-3.090934257179092,-0.5127314704420927,0.21446575802063195
10,3,-0.24882866344686505,-1.464499637072104,7.789014372587301
10,3,-0.6847049091728064,-0.10939237748270592,7.836492894998875
10,3,7.565532690809903,1.2062371838305852,33.902835256260296
10,3,-6.147445012290838,-0.3832402010625763,-8.825575237935091
10,3,3.9247760366532987,-1.7919107689474854,19.98241734101241
10,3,-7.304277314121322,-0.4834368046576814,-12.396268747021647
10,3,5.672806725861372,-0.7493490438427396,26.26907113374138
10,3,-7.375084107747838,-0.38622282905842065,-12.511475152301935
10,3,9.97458927356169,-0.26636361477363435,39.65740420591144
10,3,-3.962935703692989,-0.06738299165814726,-1.9561901027371154
10,3,-0.7051878948236752,0.12806790363466383,8.012504219163638
10,3,7.108639747577872,-1.0789448375906707,30.246974405142943
10,3,3.411589522374392,1.2793905237590644,21.51415909088224
10,3,-8.446890219869104,1.8094872706649943,-13.531183388942317
10,3,-4.671955760044635,-1.7526067050538758,-5.7684739851877795
10,3,-0.7450112885619387,-1.1030826199082628,6.661883514405921
10,3,-4.9966093689645374,1.2785891560006977,-3.7112389508929136
10,3,-8.27091145698245,1.4741217351407034,-13.338612635806646
10,3,-2.8648582472200745,1.1308112327976154,2.536236491137391
10,3,0.2031630235568045,1.5878467133643797,12.197335784034793
10,3,-4.887527702245071,1.2233389487799502,-3.439244157955264
10,3,7.953192788809144,0.15044445736507384,34.010022823792504
10,3,-9.745748022701225,1.8784271395940901,-17.358816928509583
10,3,-7.769567306724063,-0.006460938434428832,-13.31516285860662
10,3,3.2923465580380284,-0.802784417330283,19.074255256783804
10,3,6.779154241221686,-0.5083161161516337,29.829146607513426
10,3,3.8874872337998276,0.5639113704680703,22.226373071867553
10,3,-4.690736393383812,0.5664995381246201,-3.505709642026816
10,3,-6.482311726271012,-0.4176173446451672,-9.864552523458203
10,3,-1.7385428073955893,1.4844142062967114,6.2687857841099435
10,3,0.4058854057282151,-0.7564008701236387,10.461255347061007
10,3,0.32010348543729705,0.7081001060614301,11.668410562373321
10,3,4.154076497520016,-1.42924974926757,21.03297974329248
10,3,1.519487067754513,0.07652158126099201,14.634982784524531
10,3,-8.254569625617956,0.5677895637413775,-14.19591931311249
10,3,-4.079701329672711,-0.3996049952696301,-2.6387089842877636
10,3,-8.555748595834501,1.294087188724436,-14.373158598779067
10,3,2.9275573381368716,0.44652066167958543,19.2291926760902
10,3,-9.839200591214215,-1.5541351902006617,-21.071736963843307
10,3,3.7726286114359215,0.10770771015944848,21.425593544467215
10,3,6.032283766897489,-2.8092495997496236,25.287601700942844
10,3,-7.711820422717491,1.1426712340739957,-11.992790034078476
10,3,6.035580469181262,-1.6750597209320905,26.431681686611697
10,3,9.359250940044955,-0.4073087319057838,37.670444088229075
10,3,-0.9735891194661406,-0.27954575897668976,6.799686882624888
10,3,-0.5411964477518509,-0.17479726175850424,8.201613394985943
10,3,-6.5818773249950695,-0.34764465544872697,-10.093276630433936
10,3,-1.8321637808579379,-0.7869130886401469,3.7165955687860395
10,3,8.316710890883968,1.3452123413236012,36.295345013975506
10,3,2.7732599786857666,-1.7241882430177395,16.595591693039562
10,3,-5.858120274214269,0.4279863792073737,-7.146374443435432
10,3,-3.188290128999771,0.15735069657963915,0.5924803095803257
10,3,7.241965871019914,-1.4019986059152112,30.323899007144533
10,3,1.71587234668144,0.45424684698670625,15.601863887031026
10,3,-9.318379325195057,-1.1550125331870227,-19.110150508772193
10,3,3.9518463819610723,0.3399042101551579,22.195443356038375
10,3,-2.6492995271720847,-0.871273758261312,1.180827660222434
10,3,5.097043757833806,0.4635040762164749,25.75463534971789
10,3,-1.1811625007811308,-0.06738295342620468,6.389129544230403
10,3,1.3975786597247648,1.502565197129888,15.695301176304183
10,3,5.4889329805812,-2.7553521387156725,23.71144680302793
10,3,4.081320297550571,-1.0740446745822085,21.169916218069506
10,3,-1.281156960147328,-2.58133039930815,3.575198720249866
10,3,5.250356285684568,-0.2246053930370137,25.52646346401669
10,3,0.3241873656983465,-0.6819622746224446,10.290599822472595
10,3,1.954407784656416,-1.2667398740548172,14.596483479914431
10,3,-9.031739889693844,-1.9139483667443937,-19.009168035825923
10,3,-1.4093318089231879,-0.5157833590309662,5.256221214199471
10,3,0.017058125457225515,-0.3162445549389269,9.73492982143275
10,3,9.494119404859262,-0.11181666189593814,38.37054155268185
10,3,0.19891264115917906,-0.004025371005890601,10.592712552471646
10,3,-0.6720116030152639,1.1192762094058826,9.10324140036009
10,3,-0.8051979283142892,-0.8105881535939033,6.7738180614632295
10,3,8.879947598677823,0.41602331158721423,37.05586610762069
10,3,5.881956913406395,-0.30038232354968736,27.345488416669497
10,3,8.633732563920688,-0.835773339406248,35.06542435235582
10,3,-4.267288682048278,-0.35137024726026256,-3.153236293405097
10,3,8.602916046275176,1.5339401610386267,37.34268829986416
10,3,1.785539136223246,0.3586995312773139,15.715316939947051
10,3,8.566261140872022,-2.061561002968458,33.63722241964761
10,3,-0.7269748995406751,-0.4341338985165013,7.3849414028614735
10,3,-2.7629048715063558,0.6898631119978642,2.401148497478797
10,3,7.246502899079623,-0.45552617706747717,31.283982520171392
10,3,-2.959690495087351,0.9434676818167534,2.064396196554701
10,3,5.924100496045767,0.052308197697832966,27.824609685835135
10,3,3.9378884776951217,0.17449726519720699,21.988162698282572
10,3,-3.199387180182396,0.14820786448824405,0.5500463239410556
10,3,7.975188758185876,1.1708341747998294,35.09640044935745
10,3,6.195431418110246,0.03187002332858212,28.61816427765932
10,3,9.825350804417667,-0.2913487809919348,39.18470363226107
10,3,0.7171185141467191,-0.7779119070300942,11.373443635410062
10,3,1.631174612589934,-0.6804632501270286,14.213060587642774
10,3,-7.230231342121336,0.9354474521984657,-10.755246574165541
10,3,-8.40902398269256,-1.053071936469377,-16.280143884547055
